accession	study	object_status	bioproject_accession	biosample_accession	sample_name	library_ID	title	library_strategy	library_source	library_selection	library_layout	platform	instrument_model	design_description	filetype	fasta_file	assembly	filename	filename2	filename3	filename4	filename5	filename6	filename7	filename8
SRR16959312	SRP346404	new	PRJNA780921	SAMN23212167	ANT_AT_BONS_200812_003	1	GBS of Durvillaea antarctica: adult attached frond	RAD-Seq	GENOMIC	Restriction Digest	paired	ILLUMINA	NextSeq 500	PstI single digest GBS with 75 bp paired reads, 200-600 bp size selection	fastq			ANT_AT_BONS_200812_003.1.fq.gz	ANT_AT_BONS_200812_003.2.fq.gz						
SRR16959311	SRP346404	new	PRJNA780921	SAMN23212168	ANT_AT_BONS_200812_010	2	GBS of Durvillaea antarctica: adult attached frond	RAD-Seq	GENOMIC	Restriction Digest	paired	ILLUMINA	NextSeq 500	PstI single digest GBS with 75 bp paired reads, 200-600 bp size selection	fastq			ANT_AT_BONS_200812_010.1.fq.gz	ANT_AT_BONS_200812_010.2.fq.gz						
SRR16959200	SRP346404	new	PRJNA780921	SAMN23212169	ANT_AT_BONS_200812_012	3	GBS of Durvillaea antarctica: adult attached frond	RAD-Seq	GENOMIC	Restriction Digest	paired	ILLUMINA	NextSeq 500	PstI single digest GBS with 75 bp paired reads, 200-600 bp size selection	fastq			ANT_AT_BONS_200812_012.1.fq.gz	ANT_AT_BONS_200812_012.2.fq.gz						
SRR16959173	SRP346404	new	PRJNA780921	SAMN23212170	ANT_AT_BONS_200812_013	4	GBS of Durvillaea antarctica: adult attached frond	RAD-Seq	GENOMIC	Restriction Digest	paired	ILLUMINA	NextSeq 500	PstI single digest GBS with 75 bp paired reads, 200-600 bp size selection	fastq			ANT_AT_BONS_200812_013.1.fq.gz	ANT_AT_BONS_200812_013.2.fq.gz						
SRR16959162	SRP346404	new	PRJNA780921	SAMN23212171	ANT_AT_BOOM_202007_001x	5	GBS of Durvillaea antarctica: adult attached frond	RAD-Seq	GENOMIC	Restriction Digest	paired	ILLUMINA	NextSeq 500	PstI single digest GBS with 75 bp paired reads, 200-600 bp size selection	fastq			ANT_AT_BOOM_202007_001.1.fq.gz	ANT_AT_BOOM_202007_001.2.fq.gz						
SRR16959151	SRP346404	new	PRJNA780921	SAMN23212172	ANT_AT_BOOM_202007_002x	6	GBS of Durvillaea antarctica: adult attached frond	RAD-Seq	GENOMIC	Restriction Digest	paired	ILLUMINA	NextSeq 500	PstI single digest GBS with 75 bp paired reads, 200-600 bp size selection	fastq			ANT_AT_BOOM_202007_002.1.fq.gz	ANT_AT_BOOM_202007_002.2.fq.gz						
SRR16959140	SRP346404	new	PRJNA780921	SAMN23212173	ANT_AT_BOOM_202007_003x	7	GBS of Durvillaea antarctica: adult attached frond	RAD-Seq	GENOMIC	Restriction Digest	paired	ILLUMINA	NextSeq 500	PstI single digest GBS with 75 bp paired reads, 200-600 bp size selection	fastq			ANT_AT_BOOM_202007_003.1.fq.gz	ANT_AT_BOOM_202007_003.2.fq.gz						
SRR16959129	SRP346404	new	PRJNA780921	SAMN23212174	ANT_AT_BOOM_202007_004x	8	GBS of Durvillaea antarctica: adult attached frond	RAD-Seq	GENOMIC	Restriction Digest	paired	ILLUMINA	NextSeq 500	PstI single digest GBS with 75 bp paired reads, 200-600 bp size selection	fastq			ANT_AT_BOOM_202007_004.1.fq.gz	ANT_AT_BOOM_202007_004.2.fq.gz						
SRR16959118	SRP346404	new	PRJNA780921	SAMN23212175	ANT_AT_BOOM_202007_005x	9	GBS of Durvillaea antarctica: adult attached frond	RAD-Seq	GENOMIC	Restriction Digest	paired	ILLUMINA	NextSeq 500	PstI single digest GBS with 75 bp paired reads, 200-600 bp size selection	fastq			ANT_AT_BOOM_202007_005.1.fq.gz	ANT_AT_BOOM_202007_005.2.fq.gz						
SRR16959107	SRP346404	new	PRJNA780921	SAMN23212176	ANT_AT_CAPC_201611_001_Rx	10	GBS of Durvillaea antarctica: adult attached frond	RAD-Seq	GENOMIC	Restriction Digest	paired	ILLUMINA	NextSeq 500	PstI single digest GBS with 75 bp paired reads, 200-600 bp size selection	fastq			ANT_AT_CAPC_201611_001_R.1.fq.gz	ANT_AT_CAPC_201611_001_R.2.fq.gz						
SRR16959310	SRP346404	new	PRJNA780921	SAMN23212177	ANT_AT_CAPC_201611_002_Rx	11	GBS of Durvillaea antarctica: adult attached frond	RAD-Seq	GENOMIC	Restriction Digest	paired	ILLUMINA	NextSeq 500	PstI single digest GBS with 75 bp paired reads, 200-600 bp size selection	fastq			ANT_AT_CAPC_201611_002_R.1.fq.gz	ANT_AT_CAPC_201611_002_R.2.fq.gz						
SRR16959299	SRP346404	new	PRJNA780921	SAMN23212178	ANT_AT_CAPC_201611_005x	12	GBS of Durvillaea antarctica: adult attached frond	RAD-Seq	GENOMIC	Restriction Digest	paired	ILLUMINA	NextSeq 500	PstI single digest GBS with 75 bp paired reads, 200-600 bp size selection	fastq			ANT_AT_CAPC_201611_005.1.fq.gz	ANT_AT_CAPC_201611_005.2.fq.gz						
SRR16959288	SRP346404	new	PRJNA780921	SAMN23212179	ANT_AT_CAPC_201611_006x	13	GBS of Durvillaea antarctica: adult attached frond	RAD-Seq	GENOMIC	Restriction Digest	paired	ILLUMINA	NextSeq 500	PstI single digest GBS with 75 bp paired reads, 200-600 bp size selection	fastq			ANT_AT_CAPC_201611_006.1.fq.gz	ANT_AT_CAPC_201611_006.2.fq.gz						
SRR16959277	SRP346404	new	PRJNA780921	SAMN23212180	ANT_AT_CAPC_201611_007x	14	GBS of Durvillaea antarctica: adult attached frond	RAD-Seq	GENOMIC	Restriction Digest	paired	ILLUMINA	NextSeq 500	PstI single digest GBS with 75 bp paired reads, 200-600 bp size selection	fastq			ANT_AT_CAPC_201611_007.1.fq.gz	ANT_AT_CAPC_201611_007.2.fq.gz						
SRR16959266	SRP346404	new	PRJNA780921	SAMN23212181	ANT_AT_CODR_201912_002x	15	GBS of Durvillaea antarctica: adult attached frond	RAD-Seq	GENOMIC	Restriction Digest	paired	ILLUMINA	NextSeq 500	PstI single digest GBS with 75 bp paired reads, 200-600 bp size selection	fastq			ANT_AT_CODR_201912_002.1.fq.gz	ANT_AT_CODR_201912_002.2.fq.gz						
SRR16959255	SRP346404	new	PRJNA780921	SAMN23212182	ANT_AT_CODR_201912_003x	16	GBS of Durvillaea antarctica: adult attached frond	RAD-Seq	GENOMIC	Restriction Digest	paired	ILLUMINA	NextSeq 500	PstI single digest GBS with 75 bp paired reads, 200-600 bp size selection	fastq			ANT_AT_CODR_201912_003.1.fq.gz	ANT_AT_CODR_201912_003.2.fq.gz						
SRR16959244	SRP346404	new	PRJNA780921	SAMN23212183	ANT_AT_CODR_201912_004x	17	GBS of Durvillaea antarctica: adult attached frond	RAD-Seq	GENOMIC	Restriction Digest	paired	ILLUMINA	NextSeq 500	PstI single digest GBS with 75 bp paired reads, 200-600 bp size selection	fastq			ANT_AT_CODR_201912_004.1.fq.gz	ANT_AT_CODR_201912_004.2.fq.gz						
SRR16959233	SRP346404	new	PRJNA780921	SAMN23212184	ANT_AT_CODR_201912_006x	18	GBS of Durvillaea antarctica: adult attached frond	RAD-Seq	GENOMIC	Restriction Digest	paired	ILLUMINA	NextSeq 500	PstI single digest GBS with 75 bp paired reads, 200-600 bp size selection	fastq			ANT_AT_CODR_201912_006.1.fq.gz	ANT_AT_CODR_201912_006.2.fq.gz						
SRR16959222	SRP346404	new	PRJNA780921	SAMN23212185	ANT_AT_GORE_202011_A01	19	GBS of Durvillaea antarctica: adult attached frond	RAD-Seq	GENOMIC	Restriction Digest	paired	ILLUMINA	NextSeq 500	PstI single digest GBS with 75 bp paired reads, 200-500 bp size selection	fastq			ANT_AT_GORE_202011_A01.1.fq.gz	ANT_AT_GORE_202011_A01.2.fq.gz						
SRR16959211	SRP346404	new	PRJNA780921	SAMN23212186	ANT_AT_GORE_202011_A02	20	GBS of Durvillaea antarctica: adult attached frond	RAD-Seq	GENOMIC	Restriction Digest	paired	ILLUMINA	NextSeq 500	PstI single digest GBS with 75 bp paired reads, 200-500 bp size selection	fastq			ANT_AT_GORE_202011_A02.1.fq.gz	ANT_AT_GORE_202011_A02.2.fq.gz						
SRR16959199	SRP346404	new	PRJNA780921	SAMN23212187	ANT_AT_GORE_202011_P01	21	GBS of Durvillaea antarctica: adult attached frond	RAD-Seq	GENOMIC	Restriction Digest	paired	ILLUMINA	NextSeq 500	PstI single digest GBS with 75 bp paired reads, 300-600 bp size selection	fastq			ANT_AT_GORE_202011_P01.1.fq.gz	ANT_AT_GORE_202011_P01.2.fq.gz						
SRR16959188	SRP346404	new	PRJNA780921	SAMN23212188	ANT_AT_GORE_202011_P02	22	GBS of Durvillaea antarctica: adult attached frond	RAD-Seq	GENOMIC	Restriction Digest	paired	ILLUMINA	NextSeq 500	PstI single digest GBS with 75 bp paired reads, 300-600 bp size selection	fastq			ANT_AT_GORE_202011_P02.1.fq.gz	ANT_AT_GORE_202011_P02.2.fq.gz						
SRR16959181	SRP346404	new	PRJNA780921	SAMN23212189	ANT_AT_GORE_202011_P03	23	GBS of Durvillaea antarctica: adult attached frond	RAD-Seq	GENOMIC	Restriction Digest	paired	ILLUMINA	NextSeq 500	PstI single digest GBS with 75 bp paired reads, 300-600 bp size selection	fastq			ANT_AT_GORE_202011_P03.1.fq.gz	ANT_AT_GORE_202011_P03.2.fq.gz						
SRR16959180	SRP346404	new	PRJNA780921	SAMN23212190	ANT_AT_GORE_202011_P04	24	GBS of Durvillaea antarctica: adult attached frond	RAD-Seq	GENOMIC	Restriction Digest	paired	ILLUMINA	NextSeq 500	PstI single digest GBS with 75 bp paired reads, 300-600 bp size selection	fastq			ANT_AT_GORE_202011_P04.1.fq.gz	ANT_AT_GORE_202011_P04.2.fq.gz						
SRR16959179	SRP346404	new	PRJNA780921	SAMN23212191	ANT_AT_KAIK_201611_101	25	GBS of Durvillaea antarctica: adult attached frond	RAD-Seq	GENOMIC	Restriction Digest	paired	ILLUMINA	NextSeq 500	PstI single digest GBS with 75 bp paired reads, 200-600 bp size selection	fastq			ANT_AT_KAIK_201611_101.1.fq.gz	ANT_AT_KAIK_201611_101.2.fq.gz						
SRR16959178	SRP346404	new	PRJNA780921	SAMN23212192	ANT_AT_KAIK_201611_102	26	GBS of Durvillaea antarctica: adult attached frond	RAD-Seq	GENOMIC	Restriction Digest	paired	ILLUMINA	NextSeq 500	PstI single digest GBS with 75 bp paired reads, 200-600 bp size selection	fastq			ANT_AT_KAIK_201611_102.1.fq.gz	ANT_AT_KAIK_201611_102.2.fq.gz						
SRR16959177	SRP346404	new	PRJNA780921	SAMN23212193	ANT_AT_KAIK_201611_103	27	GBS of Durvillaea antarctica: adult attached frond	RAD-Seq	GENOMIC	Restriction Digest	paired	ILLUMINA	NextSeq 500	PstI single digest GBS with 75 bp paired reads, 200-600 bp size selection	fastq			ANT_AT_KAIK_201611_103.1.fq.gz	ANT_AT_KAIK_201611_103.2.fq.gz						
SRR16959176	SRP346404	new	PRJNA780921	SAMN23212194	ANT_AT_KAIK_201611_104	28	GBS of Durvillaea antarctica: adult attached frond	RAD-Seq	GENOMIC	Restriction Digest	paired	ILLUMINA	NextSeq 500	PstI single digest GBS with 75 bp paired reads, 200-600 bp size selection	fastq			ANT_AT_KAIK_201611_104.1.fq.gz	ANT_AT_KAIK_201611_104.2.fq.gz						
SRR16959175	SRP346404	new	PRJNA780921	SAMN23212195	ANT_AT_KAIK_201611_105	29	GBS of Durvillaea antarctica: adult attached frond	RAD-Seq	GENOMIC	Restriction Digest	paired	ILLUMINA	NextSeq 500	PstI single digest GBS with 75 bp paired reads, 200-600 bp size selection	fastq			ANT_AT_KAIK_201611_105.1.fq.gz	ANT_AT_KAIK_201611_105.2.fq.gz						
SRR16959174	SRP346404	new	PRJNA780921	SAMN23212196	ANT_AT_KAIK_201611_106_R	30	GBS of Durvillaea antarctica: adult attached frond	RAD-Seq	GENOMIC	Restriction Digest	paired	ILLUMINA	NextSeq 500	PstI single digest GBS with 75 bp paired reads, 200-600 bp size selection	fastq			ANT_AT_KAIK_201611_106_R.1.fq.gz	ANT_AT_KAIK_201611_106_R.2.fq.gz						
SRR16959172	SRP346404	new	PRJNA780921	SAMN23212197	ANT_AT_KAIK_201611_108	31	GBS of Durvillaea antarctica: adult attached frond	RAD-Seq	GENOMIC	Restriction Digest	paired	ILLUMINA	NextSeq 500	PstI single digest GBS with 75 bp paired reads, 200-500 bp size selection	fastq			ANT_AT_KAIK_201611_108.1.fq.gz	ANT_AT_KAIK_201611_108.2.fq.gz						
SRR16959171	SRP346404	new	PRJNA780921	SAMN23212198	ANT_AT_KAIK_201611_201	32	GBS of Durvillaea antarctica: adult attached frond	RAD-Seq	GENOMIC	Restriction Digest	paired	ILLUMINA	NextSeq 500	PstI single digest GBS with 75 bp paired reads, 200-600 bp size selection	fastq			ANT_AT_KAIK_201611_201.1.fq.gz	ANT_AT_KAIK_201611_201.2.fq.gz						
SRR16959170	SRP346404	new	PRJNA780921	SAMN23212199	ANT_AT_KAIK_201611_202	33	GBS of Durvillaea antarctica: adult attached frond	RAD-Seq	GENOMIC	Restriction Digest	paired	ILLUMINA	NextSeq 500	PstI single digest GBS with 75 bp paired reads, 200-600 bp size selection	fastq			ANT_AT_KAIK_201611_202.1.fq.gz	ANT_AT_KAIK_201611_202.2.fq.gz						
SRR16959169	SRP346404	new	PRJNA780921	SAMN23212200	ANT_AT_KAIK_201611_203	34	GBS of Durvillaea antarctica: adult attached frond	RAD-Seq	GENOMIC	Restriction Digest	paired	ILLUMINA	NextSeq 500	PstI single digest GBS with 75 bp paired reads, 200-600 bp size selection	fastq			ANT_AT_KAIK_201611_203.1.fq.gz	ANT_AT_KAIK_201611_203.2.fq.gz						
SRR16959168	SRP346404	new	PRJNA780921	SAMN23212201	ANT_AT_KAIK_201611_204	35	GBS of Durvillaea antarctica: adult attached frond	RAD-Seq	GENOMIC	Restriction Digest	paired	ILLUMINA	NextSeq 500	PstI single digest GBS with 75 bp paired reads, 200-600 bp size selection	fastq			ANT_AT_KAIK_201611_204.1.fq.gz	ANT_AT_KAIK_201611_204.2.fq.gz						
SRR16959167	SRP346404	new	PRJNA780921	SAMN23212202	ANT_AT_KAIK_201611_205	36	GBS of Durvillaea antarctica: adult attached frond	RAD-Seq	GENOMIC	Restriction Digest	paired	ILLUMINA	NextSeq 500	PstI single digest GBS with 75 bp paired reads, 200-600 bp size selection	fastq			ANT_AT_KAIK_201611_205.1.fq.gz	ANT_AT_KAIK_201611_205.2.fq.gz						
SRR16959166	SRP346404	new	PRJNA780921	SAMN23212203	ANT_AT_KAIK_201611_206	37	GBS of Durvillaea antarctica: adult attached frond	RAD-Seq	GENOMIC	Restriction Digest	paired	ILLUMINA	NextSeq 500	PstI single digest GBS with 75 bp paired reads, 200-600 bp size selection	fastq			ANT_AT_KAIK_201611_206.1.fq.gz	ANT_AT_KAIK_201611_206.2.fq.gz						
SRR16959165	SRP346404	new	PRJNA780921	SAMN23212204	ANT_AT_KAIK_201611_208	38	GBS of Durvillaea antarctica: adult attached frond	RAD-Seq	GENOMIC	Restriction Digest	paired	ILLUMINA	NextSeq 500	PstI single digest GBS with 75 bp paired reads, 200-500 bp size selection	fastq			ANT_AT_KAIK_201611_208.1.fq.gz	ANT_AT_KAIK_201611_208.2.fq.gz						
SRR16959164	SRP346404	new	PRJNA780921	SAMN23212205	ANT_AT_KAIK_201611_209	39	GBS of Durvillaea antarctica: adult attached frond	RAD-Seq	GENOMIC	Restriction Digest	paired	ILLUMINA	NextSeq 500	PstI single digest GBS with 75 bp paired reads, 200-500 bp size selection	fastq			ANT_AT_KAIK_201611_209.1.fq.gz	ANT_AT_KAIK_201611_209.2.fq.gz						
SRR16959163	SRP346404	new	PRJNA780921	SAMN23212206	ANT_AT_KAIK_201611_210	40	GBS of Durvillaea antarctica: adult attached frond	RAD-Seq	GENOMIC	Restriction Digest	paired	ILLUMINA	NextSeq 500	PstI single digest GBS with 75 bp paired reads, 200-500 bp size selection	fastq			ANT_AT_KAIK_201611_210.1.fq.gz	ANT_AT_KAIK_201611_210.2.fq.gz						
SRR16959161	SRP346404	new	PRJNA780921	SAMN23212207	ANT_AT_KAIK_201611_212	41	GBS of Durvillaea antarctica: adult attached frond	RAD-Seq	GENOMIC	Restriction Digest	paired	ILLUMINA	NextSeq 500	PstI single digest GBS with 75 bp paired reads, 200-500 bp size selection	fastq			ANT_AT_KAIK_201611_212.1.fq.gz	ANT_AT_KAIK_201611_212.2.fq.gz						
SRR16959160	SRP346404	new	PRJNA780921	SAMN23212208	ANT_AT_NAPE_202011_001	42	GBS of Durvillaea antarctica: adult attached frond	RAD-Seq	GENOMIC	Restriction Digest	paired	ILLUMINA	NextSeq 500	PstI single digest GBS with 75 bp paired reads, 200-500 bp size selection	fastq			ANT_AT_NAPE_202011_001.1.fq.gz	ANT_AT_NAPE_202011_001.2.fq.gz						
SRR16959159	SRP346404	new	PRJNA780921	SAMN23212209	ANT_AT_NAPE_202011_002	43	GBS of Durvillaea antarctica: adult attached frond	RAD-Seq	GENOMIC	Restriction Digest	paired	ILLUMINA	NextSeq 500	PstI single digest GBS with 75 bp paired reads, 200-500 bp size selection	fastq			ANT_AT_NAPE_202011_002.1.fq.gz	ANT_AT_NAPE_202011_002.2.fq.gz						
SRR16959158	SRP346404	new	PRJNA780921	SAMN23212210	ANT_AT_NAPE_202011_003	44	GBS of Durvillaea antarctica: adult attached frond	RAD-Seq	GENOMIC	Restriction Digest	paired	ILLUMINA	NextSeq 500	PstI single digest GBS with 75 bp paired reads, 200-500 bp size selection	fastq			ANT_AT_NAPE_202011_003.1.fq.gz	ANT_AT_NAPE_202011_003.2.fq.gz						
SRR16959157	SRP346404	new	PRJNA780921	SAMN23212211	ANT_AT_NAPE_202011_004	45	GBS of Durvillaea antarctica: adult attached frond	RAD-Seq	GENOMIC	Restriction Digest	paired	ILLUMINA	NextSeq 500	PstI single digest GBS with 75 bp paired reads, 200-500 bp size selection	fastq			ANT_AT_NAPE_202011_004.1.fq.gz	ANT_AT_NAPE_202011_004.2.fq.gz						
SRR16959156	SRP346404	new	PRJNA780921	SAMN23212212	ANT_AT_NAPE_202011_005	46	GBS of Durvillaea antarctica: adult attached frond	RAD-Seq	GENOMIC	Restriction Digest	paired	ILLUMINA	NextSeq 500	PstI single digest GBS with 75 bp paired reads, 200-500 bp size selection	fastq			ANT_AT_NAPE_202011_005.1.fq.gz	ANT_AT_NAPE_202011_005.2.fq.gz						
SRR16959155	SRP346404	new	PRJNA780921	SAMN23212213	ANT_AT_OARO_202011_A01	47	GBS of Durvillaea antarctica: adult attached frond	RAD-Seq	GENOMIC	Restriction Digest	paired	ILLUMINA	NextSeq 500	PstI single digest GBS with 75 bp paired reads, 200-500 bp size selection	fastq			ANT_AT_OARO_202011_A01.1.fq.gz	ANT_AT_OARO_202011_A01.2.fq.gz						
SRR16959154	SRP346404	new	PRJNA780921	SAMN23212214	ANT_AT_OARO_202011_A02	48	GBS of Durvillaea antarctica: adult attached frond	RAD-Seq	GENOMIC	Restriction Digest	paired	ILLUMINA	NextSeq 500	PstI single digest GBS with 75 bp paired reads, 200-500 bp size selection	fastq			ANT_AT_OARO_202011_A02.1.fq.gz	ANT_AT_OARO_202011_A02.2.fq.gz						
SRR16959153	SRP346404	new	PRJNA780921	SAMN23212215	ANT_AT_OARO_202011_P01	49	GBS of Durvillaea antarctica: adult attached frond	RAD-Seq	GENOMIC	Restriction Digest	paired	ILLUMINA	NextSeq 500	PstI single digest GBS with 75 bp paired reads, 300-600 bp size selection	fastq			ANT_AT_OARO_202011_P01.1.fq.gz	ANT_AT_OARO_202011_P01.2.fq.gz						
SRR16959152	SRP346404	new	PRJNA780921	SAMN23212216	ANT_AT_OARO_202011_P02	50	GBS of Durvillaea antarctica: adult attached frond	RAD-Seq	GENOMIC	Restriction Digest	paired	ILLUMINA	NextSeq 500	PstI single digest GBS with 75 bp paired reads, 300-600 bp size selection	fastq			ANT_AT_OARO_202011_P02.1.fq.gz	ANT_AT_OARO_202011_P02.2.fq.gz						
SRR16959150	SRP346404	new	PRJNA780921	SAMN23212217	ANT_AT_OARO_202011_P03	51	GBS of Durvillaea antarctica: adult attached frond	RAD-Seq	GENOMIC	Restriction Digest	paired	ILLUMINA	NextSeq 500	PstI single digest GBS with 75 bp paired reads, 300-600 bp size selection	fastq			ANT_AT_OARO_202011_P03.1.fq.gz	ANT_AT_OARO_202011_P03.2.fq.gz						
SRR16959149	SRP346404	new	PRJNA780921	SAMN23212218	ANT_AT_OARO_202011_P04	52	GBS of Durvillaea antarctica: adult attached frond	RAD-Seq	GENOMIC	Restriction Digest	paired	ILLUMINA	NextSeq 500	PstI single digest GBS with 75 bp paired reads, 300-600 bp size selection	fastq			ANT_AT_OARO_202011_P04.1.fq.gz	ANT_AT_OARO_202011_P04.2.fq.gz						
SRR16959148	SRP346404	new	PRJNA780921	SAMN23212219	ANT_AT_OKAB_200903_001	53	GBS of Durvillaea antarctica: adult attached frond	RAD-Seq	GENOMIC	Restriction Digest	paired	ILLUMINA	NextSeq 500	PstI single digest GBS with 75 bp paired reads, 300-600 bp size selection	fastq			ANT_AT_OKAB_200903_001.1.fq.gz	ANT_AT_OKAB_200903_001.2.fq.gz						
SRR16959147	SRP346404	new	PRJNA780921	SAMN23212220	ANT_AT_OKAB_200903_002	54	GBS of Durvillaea antarctica: adult attached frond	RAD-Seq	GENOMIC	Restriction Digest	paired	ILLUMINA	NextSeq 500	PstI single digest GBS with 75 bp paired reads, 300-600 bp size selection	fastq			ANT_AT_OKAB_200903_002.1.fq.gz	ANT_AT_OKAB_200903_002.2.fq.gz						
SRR16959146	SRP346404	new	PRJNA780921	SAMN23212221	ANT_AT_OKAB_200903_003	55	GBS of Durvillaea antarctica: adult attached frond	RAD-Seq	GENOMIC	Restriction Digest	paired	ILLUMINA	NextSeq 500	PstI single digest GBS with 75 bp paired reads, 300-600 bp size selection	fastq			ANT_AT_OKAB_200903_003.1.fq.gz	ANT_AT_OKAB_200903_003.2.fq.gz						
SRR16959145	SRP346404	new	PRJNA780921	SAMN23212222	ANT_AT_ORON_201912_001x	56	GBS of Durvillaea antarctica: adult attached frond	RAD-Seq	GENOMIC	Restriction Digest	paired	ILLUMINA	NextSeq 500	PstI single digest GBS with 75 bp paired reads, 200-600 bp size selection	fastq			ANT_AT_ORON_201912_001.1.fq.gz	ANT_AT_ORON_201912_001.2.fq.gz						
SRR16959144	SRP346404	new	PRJNA780921	SAMN23212223	ANT_AT_ORON_201912_004x	57	GBS of Durvillaea antarctica: adult attached frond	RAD-Seq	GENOMIC	Restriction Digest	paired	ILLUMINA	NextSeq 500	PstI single digest GBS with 75 bp paired reads, 200-600 bp size selection	fastq			ANT_AT_ORON_201912_004.1.fq.gz	ANT_AT_ORON_201912_004.2.fq.gz						
SRR16959143	SRP346404	new	PRJNA780921	SAMN23212224	ANT_AT_ORON_201912_006x	58	GBS of Durvillaea antarctica: adult attached frond	RAD-Seq	GENOMIC	Restriction Digest	paired	ILLUMINA	NextSeq 500	PstI single digest GBS with 75 bp paired reads, 200-600 bp size selection	fastq			ANT_AT_ORON_201912_006.1.fq.gz	ANT_AT_ORON_201912_006.2.fq.gz						
SRR16959142	SRP346404	new	PRJNA780921	SAMN23212225	ANT_AT_ORON_201912_007x	59	GBS of Durvillaea antarctica: adult attached frond	RAD-Seq	GENOMIC	Restriction Digest	paired	ILLUMINA	NextSeq 500	PstI single digest GBS with 75 bp paired reads, 200-600 bp size selection	fastq			ANT_AT_ORON_201912_007.1.fq.gz	ANT_AT_ORON_201912_007.2.fq.gz						
SRR16959141	SRP346404	new	PRJNA780921	SAMN23212226	ANT_AT_ORON_201912_008x	60	GBS of Durvillaea antarctica: adult attached frond	RAD-Seq	GENOMIC	Restriction Digest	paired	ILLUMINA	NextSeq 500	PstI single digest GBS with 75 bp paired reads, 200-600 bp size selection	fastq			ANT_AT_ORON_201912_008.1.fq.gz	ANT_AT_ORON_201912_008.2.fq.gz						
SRR16959139	SRP346404	new	PRJNA780921	SAMN23212227	ANT_AT_PERA_200903_003	61	GBS of Durvillaea antarctica: adult attached frond	RAD-Seq	GENOMIC	Restriction Digest	paired	ILLUMINA	NextSeq 500	PstI single digest GBS with 75 bp paired reads, 300-600 bp size selection	fastq			ANT_AT_PERA_200903_003.1.fq.gz	ANT_AT_PERA_200903_003.2.fq.gz						
SRR16959138	SRP346404	new	PRJNA780921	SAMN23212228	ANT_AT_RAKN_201611_001	62	GBS of Durvillaea antarctica: adult attached frond	RAD-Seq	GENOMIC	Restriction Digest	paired	ILLUMINA	NextSeq 500	PstI single digest GBS with 75 bp paired reads, 200-600 bp size selection	fastq			ANT_AT_RAKN_201611_001.1.fq.gz	ANT_AT_RAKN_201611_001.2.fq.gz						
SRR16959137	SRP346404	new	PRJNA780921	SAMN23212229	ANT_AT_RAKN_201611_002	63	GBS of Durvillaea antarctica: adult attached frond	RAD-Seq	GENOMIC	Restriction Digest	paired	ILLUMINA	NextSeq 500	PstI single digest GBS with 75 bp paired reads, 200-600 bp size selection	fastq			ANT_AT_RAKN_201611_002.1.fq.gz	ANT_AT_RAKN_201611_002.2.fq.gz						
SRR16959136	SRP346404	new	PRJNA780921	SAMN23212230	ANT_AT_RAKS_201611_001	64	GBS of Durvillaea antarctica: adult attached frond	RAD-Seq	GENOMIC	Restriction Digest	paired	ILLUMINA	NextSeq 500	PstI single digest GBS with 75 bp paired reads, 200-600 bp size selection	fastq			ANT_AT_RAKS_201611_001.1.fq.gz	ANT_AT_RAKS_201611_001.2.fq.gz						
SRR16959135	SRP346404	new	PRJNA780921	SAMN23212231	ANT_AT_RAKS_201611_002	65	GBS of Durvillaea antarctica: adult attached frond	RAD-Seq	GENOMIC	Restriction Digest	paired	ILLUMINA	NextSeq 500	PstI single digest GBS with 75 bp paired reads, 200-600 bp size selection	fastq			ANT_AT_RAKS_201611_002.1.fq.gz	ANT_AT_RAKS_201611_002.2.fq.gz						
SRR16959134	SRP346404	new	PRJNA780921	SAMN23212232	ANT_AT_RARA_200703_001	66	GBS of Durvillaea antarctica: adult attached frond	RAD-Seq	GENOMIC	Restriction Digest	paired	ILLUMINA	NextSeq 500	PstI single digest GBS with 75 bp paired reads, 200-600 bp size selection	fastq			ANT_AT_RARA_200703_001.1.fq.gz	ANT_AT_RARA_200703_001.2.fq.gz						
SRR16959133	SRP346404	new	PRJNA780921	SAMN23212233	ANT_AT_RARA_200703_002_R	67	GBS of Durvillaea antarctica: adult attached frond	RAD-Seq	GENOMIC	Restriction Digest	paired	ILLUMINA	NextSeq 500	PstI single digest GBS with 75 bp paired reads, 200-600 bp size selection	fastq			ANT_AT_RARA_200703_002_R.1.fq.gz	ANT_AT_RARA_200703_002_R.2.fq.gz						
SRR16959132	SRP346404	new	PRJNA780921	SAMN23212234	ANT_AT_RNGI_202011_1A0	68	GBS of Durvillaea antarctica: adult attached frond	RAD-Seq	GENOMIC	Restriction Digest	paired	ILLUMINA	NextSeq 500	PstI single digest GBS with 75 bp paired reads, 200-500 bp size selection	fastq			ANT_AT_RNGI_202011_1A0.1.fq.gz	ANT_AT_RNGI_202011_1A0.2.fq.gz						
SRR16959131	SRP346404	new	PRJNA780921	SAMN23212235	ANT_AT_RNGI_202011_1B0	69	GBS of Durvillaea antarctica: adult attached frond	RAD-Seq	GENOMIC	Restriction Digest	paired	ILLUMINA	NextSeq 500	PstI single digest GBS with 75 bp paired reads, 200-500 bp size selection	fastq			ANT_AT_RNGI_202011_1B0.1.fq.gz	ANT_AT_RNGI_202011_1B0.2.fq.gz						
SRR16959130	SRP346404	new	PRJNA780921	SAMN23212236	ANT_AT_RNGI_202011_1D0	70	GBS of Durvillaea antarctica: adult attached frond	RAD-Seq	GENOMIC	Restriction Digest	paired	ILLUMINA	NextSeq 500	PstI single digest GBS with 75 bp paired reads, 200-500 bp size selection	fastq			ANT_AT_RNGI_202011_1D0.1.fq.gz	ANT_AT_RNGI_202011_1D0.2.fq.gz						
SRR16959128	SRP346404	new	PRJNA780921	SAMN23212237	ANT_AT_RNGI_202011_2A0	71	GBS of Durvillaea antarctica: adult attached frond	RAD-Seq	GENOMIC	Restriction Digest	paired	ILLUMINA	NextSeq 500	PstI single digest GBS with 75 bp paired reads, 200-500 bp size selection	fastq			ANT_AT_RNGI_202011_2A0.1.fq.gz	ANT_AT_RNGI_202011_2A0.2.fq.gz						
SRR16959127	SRP346404	new	PRJNA780921	SAMN23212238	ANT_AT_RNGI_202011_2C0	72	GBS of Durvillaea antarctica: adult attached frond	RAD-Seq	GENOMIC	Restriction Digest	paired	ILLUMINA	NextSeq 500	PstI single digest GBS with 75 bp paired reads, 200-500 bp size selection	fastq			ANT_AT_RNGI_202011_2C0.1.fq.gz	ANT_AT_RNGI_202011_2C0.2.fq.gz						
SRR16959126	SRP346404	new	PRJNA780921	SAMN23212239	ANT_AT_RNGI_202011_2E0	73	GBS of Durvillaea antarctica: adult attached frond	RAD-Seq	GENOMIC	Restriction Digest	paired	ILLUMINA	NextSeq 500	PstI single digest GBS with 75 bp paired reads, 200-500 bp size selection	fastq			ANT_AT_RNGI_202011_2E0.1.fq.gz	ANT_AT_RNGI_202011_2E0.2.fq.gz						
SRR16959125	SRP346404	new	PRJNA780921	SAMN23212240	ANT_AT_RNGI_202011_3A0	74	GBS of Durvillaea antarctica: adult attached frond	RAD-Seq	GENOMIC	Restriction Digest	paired	ILLUMINA	NextSeq 500	PstI single digest GBS with 75 bp paired reads, 200-500 bp size selection	fastq			ANT_AT_RNGI_202011_3A0.1.fq.gz	ANT_AT_RNGI_202011_3A0.2.fq.gz						
SRR16959124	SRP346404	new	PRJNA780921	SAMN23212241	ANT_AT_RNGI_202011_3B0	75	GBS of Durvillaea antarctica: adult attached frond	RAD-Seq	GENOMIC	Restriction Digest	paired	ILLUMINA	NextSeq 500	PstI single digest GBS with 75 bp paired reads, 200-500 bp size selection	fastq			ANT_AT_RNGI_202011_3B0.1.fq.gz	ANT_AT_RNGI_202011_3B0.2.fq.gz						
SRR16959123	SRP346404	new	PRJNA780921	SAMN23212242	ANT_AT_RNGI_202011_4A0	76	GBS of Durvillaea antarctica: adult attached frond	RAD-Seq	GENOMIC	Restriction Digest	paired	ILLUMINA	NextSeq 500	PstI single digest GBS with 75 bp paired reads, 200-500 bp size selection	fastq			ANT_AT_RNGI_202011_4A0.1.fq.gz	ANT_AT_RNGI_202011_4A0.2.fq.gz						
SRR16959122	SRP346404	new	PRJNA780921	SAMN23212243	ANT_AT_WAIN_201611_001	77	GBS of Durvillaea antarctica: adult attached frond	RAD-Seq	GENOMIC	Restriction Digest	paired	ILLUMINA	NextSeq 500	PstI single digest GBS with 75 bp paired reads, 200-600 bp size selection	fastq			ANT_AT_WAIN_201611_001.1.fq.gz	ANT_AT_WAIN_201611_001.2.fq.gz						
SRR16959121	SRP346404	new	PRJNA780921	SAMN23212244	ANT_AT_WAIN_201611_002	78	GBS of Durvillaea antarctica: adult attached frond	RAD-Seq	GENOMIC	Restriction Digest	paired	ILLUMINA	NextSeq 500	PstI single digest GBS with 75 bp paired reads, 200-600 bp size selection	fastq			ANT_AT_WAIN_201611_002.1.fq.gz	ANT_AT_WAIN_201611_002.2.fq.gz						
SRR16959120	SRP346404	new	PRJNA780921	SAMN23212245	ANT_AT_WAIN_201611_003	79	GBS of Durvillaea antarctica: adult attached frond	RAD-Seq	GENOMIC	Restriction Digest	paired	ILLUMINA	NextSeq 500	PstI single digest GBS with 75 bp paired reads, 200-600 bp size selection	fastq			ANT_AT_WAIN_201611_003.1.fq.gz	ANT_AT_WAIN_201611_003.2.fq.gz						
SRR16959119	SRP346404	new	PRJNA780921	SAMN23212246	ANT_AT_WAIN_201611_004	80	GBS of Durvillaea antarctica: adult attached frond	RAD-Seq	GENOMIC	Restriction Digest	paired	ILLUMINA	NextSeq 500	PstI single digest GBS with 75 bp paired reads, 200-600 bp size selection	fastq			ANT_AT_WAIN_201611_004.1.fq.gz	ANT_AT_WAIN_201611_004.2.fq.gz						
SRR16959117	SRP346404	new	PRJNA780921	SAMN23212247	ANT_AT_WAIN_201611_005	81	GBS of Durvillaea antarctica: adult attached frond	RAD-Seq	GENOMIC	Restriction Digest	paired	ILLUMINA	NextSeq 500	PstI single digest GBS with 75 bp paired reads, 200-600 bp size selection	fastq			ANT_AT_WAIN_201611_005.1.fq.gz	ANT_AT_WAIN_201611_005.2.fq.gz						
SRR16959116	SRP346404	new	PRJNA780921	SAMN23212248	ANT_AT_WAIN_201611_006	82	GBS of Durvillaea antarctica: adult attached frond	RAD-Seq	GENOMIC	Restriction Digest	paired	ILLUMINA	NextSeq 500	PstI single digest GBS with 75 bp paired reads, 200-600 bp size selection	fastq			ANT_AT_WAIN_201611_006.1.fq.gz	ANT_AT_WAIN_201611_006.2.fq.gz						
SRR16959115	SRP346404	new	PRJNA780921	SAMN23212249	ANT_AT_WAIN_201611_007	83	GBS of Durvillaea antarctica: adult attached frond	RAD-Seq	GENOMIC	Restriction Digest	paired	ILLUMINA	NextSeq 500	PstI single digest GBS with 75 bp paired reads, 200-500 bp size selection	fastq			ANT_AT_WAIN_201611_007.1.fq.gz	ANT_AT_WAIN_201611_007.2.fq.gz						
SRR16959114	SRP346404	new	PRJNA780921	SAMN23212250	ANT_AT_WAIN_201611_008	84	GBS of Durvillaea antarctica: adult attached frond	RAD-Seq	GENOMIC	Restriction Digest	paired	ILLUMINA	NextSeq 500	PstI single digest GBS with 75 bp paired reads, 200-500 bp size selection	fastq			ANT_AT_WAIN_201611_008.1.fq.gz	ANT_AT_WAIN_201611_008.2.fq.gz						
SRR16959113	SRP346404	new	PRJNA780921	SAMN23212251	ANT_AT_WAIN_201611_009	85	GBS of Durvillaea antarctica: adult attached frond	RAD-Seq	GENOMIC	Restriction Digest	paired	ILLUMINA	NextSeq 500	PstI single digest GBS with 75 bp paired reads, 200-500 bp size selection	fastq			ANT_AT_WAIN_201611_009.1.fq.gz	ANT_AT_WAIN_201611_009.2.fq.gz						
SRR16959112	SRP346404	new	PRJNA780921	SAMN23212252	ANT_AT_WAIN_201611_010	86	GBS of Durvillaea antarctica: adult attached frond	RAD-Seq	GENOMIC	Restriction Digest	paired	ILLUMINA	NextSeq 500	PstI single digest GBS with 75 bp paired reads, 200-500 bp size selection	fastq			ANT_AT_WAIN_201611_010.1.fq.gz	ANT_AT_WAIN_201611_010.2.fq.gz						
SRR16959111	SRP346404	new	PRJNA780921	SAMN23212253	ANT_AT_WAIN_201611_011	87	GBS of Durvillaea antarctica: adult attached frond	RAD-Seq	GENOMIC	Restriction Digest	paired	ILLUMINA	NextSeq 500	PstI single digest GBS with 75 bp paired reads, 200-500 bp size selection	fastq			ANT_AT_WAIN_201611_011.1.fq.gz	ANT_AT_WAIN_201611_011.2.fq.gz						
SRR16959110	SRP346404	new	PRJNA780921	SAMN23212254	ANT_AT_WAIS_201611_002	88	GBS of Durvillaea antarctica: adult attached frond	RAD-Seq	GENOMIC	Restriction Digest	paired	ILLUMINA	NextSeq 500	PstI single digest GBS with 75 bp paired reads, 200-600 bp size selection	fastq			ANT_AT_WAIS_201611_002.1.fq.gz	ANT_AT_WAIS_201611_002.2.fq.gz						
SRR16959109	SRP346404	new	PRJNA780921	SAMN23212255	ANT_AT_WAIS_201611_003	89	GBS of Durvillaea antarctica: adult attached frond	RAD-Seq	GENOMIC	Restriction Digest	paired	ILLUMINA	NextSeq 500	PstI single digest GBS with 75 bp paired reads, 200-600 bp size selection	fastq			ANT_AT_WAIS_201611_003.1.fq.gz	ANT_AT_WAIS_201611_003.2.fq.gz						
SRR16959108	SRP346404	new	PRJNA780921	SAMN23212256	ANT_AT_WAIS_201611_004	90	GBS of Durvillaea antarctica: adult attached frond	RAD-Seq	GENOMIC	Restriction Digest	paired	ILLUMINA	NextSeq 500	PstI single digest GBS with 75 bp paired reads, 200-600 bp size selection	fastq			ANT_AT_WAIS_201611_004.1.fq.gz	ANT_AT_WAIS_201611_004.2.fq.gz						
SRR16959106	SRP346404	new	PRJNA780921	SAMN23212257	ANT_AT_WAIS_201611_005	91	GBS of Durvillaea antarctica: adult attached frond	RAD-Seq	GENOMIC	Restriction Digest	paired	ILLUMINA	NextSeq 500	PstI single digest GBS with 75 bp paired reads, 200-600 bp size selection	fastq			ANT_AT_WAIS_201611_005.1.fq.gz	ANT_AT_WAIS_201611_005.2.fq.gz						
SRR16959105	SRP346404	new	PRJNA780921	SAMN23212258	ANT_AT_WAIS_201611_006	92	GBS of Durvillaea antarctica: adult attached frond	RAD-Seq	GENOMIC	Restriction Digest	paired	ILLUMINA	NextSeq 500	PstI single digest GBS with 75 bp paired reads, 200-600 bp size selection	fastq			ANT_AT_WAIS_201611_006.1.fq.gz	ANT_AT_WAIS_201611_006.2.fq.gz						
SRR16959104	SRP346404	new	PRJNA780921	SAMN23212259	ANT_AT_WAIS_201611_007	93	GBS of Durvillaea antarctica: adult attached frond	RAD-Seq	GENOMIC	Restriction Digest	paired	ILLUMINA	NextSeq 500	PstI single digest GBS with 75 bp paired reads, 200-500 bp size selection	fastq			ANT_AT_WAIS_201611_007.1.fq.gz	ANT_AT_WAIS_201611_007.2.fq.gz						
SRR16959103	SRP346404	new	PRJNA780921	SAMN23212260	ANT_AT_WAIS_201611_008	94	GBS of Durvillaea antarctica: adult attached frond	RAD-Seq	GENOMIC	Restriction Digest	paired	ILLUMINA	NextSeq 500	PstI single digest GBS with 75 bp paired reads, 200-500 bp size selection	fastq			ANT_AT_WAIS_201611_008.1.fq.gz	ANT_AT_WAIS_201611_008.2.fq.gz						
SRR16959102	SRP346404	new	PRJNA780921	SAMN23212261	ANT_AT_WAIS_201611_009	95	GBS of Durvillaea antarctica: adult attached frond	RAD-Seq	GENOMIC	Restriction Digest	paired	ILLUMINA	NextSeq 500	PstI single digest GBS with 75 bp paired reads, 200-500 bp size selection	fastq			ANT_AT_WAIS_201611_009.1.fq.gz	ANT_AT_WAIS_201611_009.2.fq.gz						
SRR16959101	SRP346404	new	PRJNA780921	SAMN23212262	ANT_AT_WAIS_201611_010	96	GBS of Durvillaea antarctica: adult attached frond	RAD-Seq	GENOMIC	Restriction Digest	paired	ILLUMINA	NextSeq 500	PstI single digest GBS with 75 bp paired reads, 200-500 bp size selection	fastq			ANT_AT_WAIS_201611_010.1.fq.gz	ANT_AT_WAIS_201611_010.2.fq.gz						
SRR16959100	SRP346404	new	PRJNA780921	SAMN23212263	ANT_AT_WAIS_201611_011	97	GBS of Durvillaea antarctica: adult attached frond	RAD-Seq	GENOMIC	Restriction Digest	paired	ILLUMINA	NextSeq 500	PstI single digest GBS with 75 bp paired reads, 200-500 bp size selection	fastq			ANT_AT_WAIS_201611_011.1.fq.gz	ANT_AT_WAIS_201611_011.2.fq.gz						
SRR16959099	SRP346404	new	PRJNA780921	SAMN23212264	ANT_AT_WARN_201611_001	98	GBS of Durvillaea antarctica: adult attached frond	RAD-Seq	GENOMIC	Restriction Digest	paired	ILLUMINA	NextSeq 500	PstI single digest GBS with 75 bp paired reads, 200-600 bp size selection	fastq			ANT_AT_WARN_201611_001.1.fq.gz	ANT_AT_WARN_201611_001.2.fq.gz						
SRR16959098	SRP346404	new	PRJNA780921	SAMN23212265	ANT_AT_WARN_201611_002	99	GBS of Durvillaea antarctica: adult attached frond	RAD-Seq	GENOMIC	Restriction Digest	paired	ILLUMINA	NextSeq 500	PstI single digest GBS with 75 bp paired reads, 200-600 bp size selection	fastq			ANT_AT_WARN_201611_002.1.fq.gz	ANT_AT_WARN_201611_002.2.fq.gz						
SRR16959097	SRP346404	new	PRJNA780921	SAMN23212266	ANT_AT_WARN_201611_003	100	GBS of Durvillaea antarctica: adult attached frond	RAD-Seq	GENOMIC	Restriction Digest	paired	ILLUMINA	NextSeq 500	PstI single digest GBS with 75 bp paired reads, 200-600 bp size selection	fastq			ANT_AT_WARN_201611_003.1.fq.gz	ANT_AT_WARN_201611_003.2.fq.gz						
SRR16959309	SRP346404	new	PRJNA780921	SAMN23212267	ANT_AT_WARN_201611_004	101	GBS of Durvillaea antarctica: adult attached frond	RAD-Seq	GENOMIC	Restriction Digest	paired	ILLUMINA	NextSeq 500	PstI single digest GBS with 75 bp paired reads, 200-600 bp size selection	fastq			ANT_AT_WARN_201611_004.1.fq.gz	ANT_AT_WARN_201611_004.2.fq.gz						
SRR16959308	SRP346404	new	PRJNA780921	SAMN23212268	ANT_AT_WARN_201611_107	102	GBS of Durvillaea antarctica: adult attached frond	RAD-Seq	GENOMIC	Restriction Digest	paired	ILLUMINA	NextSeq 500	PstI single digest GBS with 75 bp paired reads, 200-500 bp size selection	fastq			ANT_AT_WARN_201611_107.1.fq.gz	ANT_AT_WARN_201611_107.2.fq.gz						
SRR16959307	SRP346404	new	PRJNA780921	SAMN23212269	ANT_AT_WARN_201611_108	103	GBS of Durvillaea antarctica: adult attached frond	RAD-Seq	GENOMIC	Restriction Digest	paired	ILLUMINA	NextSeq 500	PstI single digest GBS with 75 bp paired reads, 200-500 bp size selection	fastq			ANT_AT_WARN_201611_108.1.fq.gz	ANT_AT_WARN_201611_108.2.fq.gz						
SRR16959306	SRP346404	new	PRJNA780921	SAMN23212270	ANT_AT_WARN_201611_109	104	GBS of Durvillaea antarctica: adult attached frond	RAD-Seq	GENOMIC	Restriction Digest	paired	ILLUMINA	NextSeq 500	PstI single digest GBS with 75 bp paired reads, 200-500 bp size selection	fastq			ANT_AT_WARN_201611_109.1.fq.gz	ANT_AT_WARN_201611_109.2.fq.gz						
SRR16959305	SRP346404	new	PRJNA780921	SAMN23212271	ANT_AT_WARN_201611_110	105	GBS of Durvillaea antarctica: adult attached frond	RAD-Seq	GENOMIC	Restriction Digest	paired	ILLUMINA	NextSeq 500	PstI single digest GBS with 75 bp paired reads, 200-500 bp size selection	fastq			ANT_AT_WARN_201611_110.1.fq.gz	ANT_AT_WARN_201611_110.2.fq.gz						
SRR16959304	SRP346404	new	PRJNA780921	SAMN23212272	ANT_AT_WARS_201611_006x	106	GBS of Durvillaea antarctica: adult attached frond	RAD-Seq	GENOMIC	Restriction Digest	paired	ILLUMINA	NextSeq 500	PstI single digest GBS with 75 bp paired reads, 200-600 bp size selection	fastq			ANT_AT_WARS_201611_006.1.fq.gz	ANT_AT_WARS_201611_006.2.fq.gz						
SRR16959303	SRP346404	new	PRJNA780921	SAMN23212273	ANT_AT_WARS_201611_007x	107	GBS of Durvillaea antarctica: adult attached frond	RAD-Seq	GENOMIC	Restriction Digest	paired	ILLUMINA	NextSeq 500	PstI single digest GBS with 75 bp paired reads, 200-600 bp size selection	fastq			ANT_AT_WARS_201611_007.1.fq.gz	ANT_AT_WARS_201611_007.2.fq.gz						
SRR16959302	SRP346404	new	PRJNA780921	SAMN23212274	ANT_AT_WARS_201611_008x	108	GBS of Durvillaea antarctica: adult attached frond	RAD-Seq	GENOMIC	Restriction Digest	paired	ILLUMINA	NextSeq 500	PstI single digest GBS with 75 bp paired reads, 200-600 bp size selection	fastq			ANT_AT_WARS_201611_008.1.fq.gz	ANT_AT_WARS_201611_008.2.fq.gz						
SRR16959301	SRP346404	new	PRJNA780921	SAMN23212275	ANT_AT_WARS_201611_009x	109	GBS of Durvillaea antarctica: adult attached frond	RAD-Seq	GENOMIC	Restriction Digest	paired	ILLUMINA	NextSeq 500	PstI single digest GBS with 75 bp paired reads, 200-600 bp size selection	fastq			ANT_AT_WARS_201611_009.1.fq.gz	ANT_AT_WARS_201611_009.2.fq.gz						
SRR16959300	SRP346404	new	PRJNA780921	SAMN23212276	ANT_AT_WARS_201611_010x	110	GBS of Durvillaea antarctica: adult attached frond	RAD-Seq	GENOMIC	Restriction Digest	paired	ILLUMINA	NextSeq 500	PstI single digest GBS with 75 bp paired reads, 200-600 bp size selection	fastq			ANT_AT_WARS_201611_010.1.fq.gz	ANT_AT_WARS_201611_010.2.fq.gz						
SRR16959298	SRP346404	new	PRJNA780921	SAMN23212277	ANT_AT_WARS_201611_011x	111	GBS of Durvillaea antarctica: adult attached frond	RAD-Seq	GENOMIC	Restriction Digest	paired	ILLUMINA	NextSeq 500	PstI single digest GBS with 75 bp paired reads, 200-600 bp size selection	fastq			ANT_AT_WARS_201611_011.1.fq.gz	ANT_AT_WARS_201611_011.2.fq.gz						
SRR16959297	SRP346404	new	PRJNA780921	SAMN23212278	ANT_AT_WARS_201611_012x	112	GBS of Durvillaea antarctica: adult attached frond	RAD-Seq	GENOMIC	Restriction Digest	paired	ILLUMINA	NextSeq 500	PstI single digest GBS with 75 bp paired reads, 200-600 bp size selection	fastq			ANT_AT_WARS_201611_012.1.fq.gz	ANT_AT_WARS_201611_012.2.fq.gz						
SRR16959296	SRP346404	new	PRJNA780921	SAMN23212279	ANT_AT_WARS_201611_013x	113	GBS of Durvillaea antarctica: adult attached frond	RAD-Seq	GENOMIC	Restriction Digest	paired	ILLUMINA	NextSeq 500	PstI single digest GBS with 75 bp paired reads, 200-600 bp size selection	fastq			ANT_AT_WARS_201611_013.1.fq.gz	ANT_AT_WARS_201611_013.2.fq.gz						
SRR16959295	SRP346404	new	PRJNA780921	SAMN23212280	ANT_AT_WARS_201611_015x	114	GBS of Durvillaea antarctica: adult attached frond	RAD-Seq	GENOMIC	Restriction Digest	paired	ILLUMINA	NextSeq 500	PstI single digest GBS with 75 bp paired reads, 200-600 bp size selection	fastq			ANT_AT_WARS_201611_015.1.fq.gz	ANT_AT_WARS_201611_015.2.fq.gz						
SRR16959294	SRP346404	new	PRJNA780921	SAMN23212281	ANT_AT_WHRN_201611_003x	115	GBS of Durvillaea antarctica: adult attached frond	RAD-Seq	GENOMIC	Restriction Digest	paired	ILLUMINA	NextSeq 500	PstI single digest GBS with 75 bp paired reads, 200-600 bp size selection	fastq			ANT_AT_WHRN_201611_003.1.fq.gz	ANT_AT_WHRN_201611_003.2.fq.gz						
SRR16959293	SRP346404	new	PRJNA780921	SAMN23212282	ANT_AT_WHRN_201611_004x	116	GBS of Durvillaea antarctica: adult attached frond	RAD-Seq	GENOMIC	Restriction Digest	paired	ILLUMINA	NextSeq 500	PstI single digest GBS with 75 bp paired reads, 200-600 bp size selection	fastq			ANT_AT_WHRN_201611_004.1.fq.gz	ANT_AT_WHRN_201611_004.2.fq.gz						
SRR16959292	SRP346404	new	PRJNA780921	SAMN23212283	ANT_AT_WHRN_201611_006x	117	GBS of Durvillaea antarctica: adult attached frond	RAD-Seq	GENOMIC	Restriction Digest	paired	ILLUMINA	NextSeq 500	PstI single digest GBS with 75 bp paired reads, 200-600 bp size selection	fastq			ANT_AT_WHRN_201611_006.1.fq.gz	ANT_AT_WHRN_201611_006.2.fq.gz						
SRR16959291	SRP346404	new	PRJNA780921	SAMN23212284	ANT_AT_WHRN_201611_008x	118	GBS of Durvillaea antarctica: adult attached frond	RAD-Seq	GENOMIC	Restriction Digest	paired	ILLUMINA	NextSeq 500	PstI single digest GBS with 75 bp paired reads, 200-600 bp size selection	fastq			ANT_AT_WHRN_201611_008.1.fq.gz	ANT_AT_WHRN_201611_008.2.fq.gz						
SRR16959290	SRP346404	new	PRJNA780921	SAMN23212285	ANT_AT_WHRN_201611_010x	119	GBS of Durvillaea antarctica: adult attached frond	RAD-Seq	GENOMIC	Restriction Digest	paired	ILLUMINA	NextSeq 500	PstI single digest GBS with 75 bp paired reads, 200-600 bp size selection	fastq			ANT_AT_WHRN_201611_010.1.fq.gz	ANT_AT_WHRN_201611_010.2.fq.gz						
SRR16959289	SRP346404	new	PRJNA780921	SAMN23212286	ANT_AT_WHRN_201611_011	120	GBS of Durvillaea antarctica: adult attached frond	RAD-Seq	GENOMIC	Restriction Digest	paired	ILLUMINA	NextSeq 500	PstI single digest GBS with 75 bp paired reads, 200-500 bp size selection	fastq			ANT_AT_WHRN_201611_011.1.fq.gz	ANT_AT_WHRN_201611_011.2.fq.gz						
SRR16959287	SRP346404	new	PRJNA780921	SAMN23212287	ANT_AT_WHRN_201611_012	121	GBS of Durvillaea antarctica: adult attached frond	RAD-Seq	GENOMIC	Restriction Digest	paired	ILLUMINA	NextSeq 500	PstI single digest GBS with 75 bp paired reads, 200-500 bp size selection	fastq			ANT_AT_WHRN_201611_012.1.fq.gz	ANT_AT_WHRN_201611_012.2.fq.gz						
SRR16959286	SRP346404	new	PRJNA780921	SAMN23212288	ANT_AT_WHRN_201611_013	122	GBS of Durvillaea antarctica: adult attached frond	RAD-Seq	GENOMIC	Restriction Digest	paired	ILLUMINA	NextSeq 500	PstI single digest GBS with 75 bp paired reads, 200-500 bp size selection	fastq			ANT_AT_WHRN_201611_013.1.fq.gz	ANT_AT_WHRN_201611_013.2.fq.gz						
SRR16959285	SRP346404	new	PRJNA780921	SAMN23212289	ANT_AT_WHRN_201611_014	123	GBS of Durvillaea antarctica: adult attached frond	RAD-Seq	GENOMIC	Restriction Digest	paired	ILLUMINA	NextSeq 500	PstI single digest GBS with 75 bp paired reads, 200-500 bp size selection	fastq			ANT_AT_WHRN_201611_014.1.fq.gz	ANT_AT_WHRN_201611_014.2.fq.gz						
SRR16959284	SRP346404	new	PRJNA780921	SAMN23212290	ANT_AT_WHRN_201611_016	124	GBS of Durvillaea antarctica: adult attached frond	RAD-Seq	GENOMIC	Restriction Digest	paired	ILLUMINA	NextSeq 500	PstI single digest GBS with 75 bp paired reads, 200-500 bp size selection	fastq			ANT_AT_WHRN_201611_016.1.fq.gz	ANT_AT_WHRN_201611_016.2.fq.gz						
SRR16959283	SRP346404	new	PRJNA780921	SAMN23212291	ANT_NR_CAPC_202011_1A1	125	GBS of Durvillaea antarctica: adult attached frond	RAD-Seq	GENOMIC	Restriction Digest	paired	ILLUMINA	NextSeq 500	PstI single digest GBS with 75 bp paired reads, 200-500 bp size selection	fastq			ANT_NR_CAPC_202011_1A1.1.fq.gz	ANT_NR_CAPC_202011_1A1.2.fq.gz						
SRR16959282	SRP346404	new	PRJNA780921	SAMN23212292	ANT_NR_CAPC_202011_1A2	126	GBS of Durvillaea antarctica: adult attached frond	RAD-Seq	GENOMIC	Restriction Digest	paired	ILLUMINA	NextSeq 500	PstI single digest GBS with 75 bp paired reads, 200-500 bp size selection	fastq			ANT_NR_CAPC_202011_1A2.1.fq.gz	ANT_NR_CAPC_202011_1A2.2.fq.gz						
SRR16959281	SRP346404	new	PRJNA780921	SAMN23212293	ANT_NR_CAPC_202011_1A4	127	GBS of Durvillaea antarctica: adult attached frond	RAD-Seq	GENOMIC	Restriction Digest	paired	ILLUMINA	NextSeq 500	PstI single digest GBS with 75 bp paired reads, 200-500 bp size selection	fastq			ANT_NR_CAPC_202011_1A4.1.fq.gz	ANT_NR_CAPC_202011_1A4.2.fq.gz						
SRR16959280	SRP346404	new	PRJNA780921	SAMN23212294	ANT_NR_CAPC_202011_1A5	128	GBS of Durvillaea antarctica: adult attached frond	RAD-Seq	GENOMIC	Restriction Digest	paired	ILLUMINA	NextSeq 500	PstI single digest GBS with 75 bp paired reads, 200-500 bp size selection	fastq			ANT_NR_CAPC_202011_1A5.1.fq.gz	ANT_NR_CAPC_202011_1A5.2.fq.gz						
SRR16959279	SRP346404	new	PRJNA780921	SAMN23212295	ANT_NR_CAPC_202011_1A6	129	GBS of Durvillaea antarctica: adult attached frond	RAD-Seq	GENOMIC	Restriction Digest	paired	ILLUMINA	NextSeq 500	PstI single digest GBS with 75 bp paired reads, 200-500 bp size selection	fastq			ANT_NR_CAPC_202011_1A6.1.fq.gz	ANT_NR_CAPC_202011_1A6.2.fq.gz						
SRR16959278	SRP346404	new	PRJNA780921	SAMN23212296	ANT_NR_CAPC_202011_1J3	130	GBS of Durvillaea antarctica: adult attached frond	RAD-Seq	GENOMIC	Restriction Digest	paired	ILLUMINA	NextSeq 500	PstI single digest GBS with 75 bp paired reads, 200-500 bp size selection	fastq			ANT_NR_CAPC_202011_1J3.1.fq.gz	ANT_NR_CAPC_202011_1J3.2.fq.gz						
SRR16959276	SRP346404	new	PRJNA780921	SAMN23212297	ANT_NR_CAPC_202011_1J5	131	GBS of Durvillaea antarctica: adult attached frond	RAD-Seq	GENOMIC	Restriction Digest	paired	ILLUMINA	NextSeq 500	PstI single digest GBS with 75 bp paired reads, 200-500 bp size selection	fastq			ANT_NR_CAPC_202011_1J5.1.fq.gz	ANT_NR_CAPC_202011_1J5.2.fq.gz						
SRR16959275	SRP346404	new	PRJNA780921	SAMN23212298	ANT_NR_CAPC_202011_1J6	132	GBS of Durvillaea antarctica: adult attached frond	RAD-Seq	GENOMIC	Restriction Digest	paired	ILLUMINA	NextSeq 500	PstI single digest GBS with 75 bp paired reads, 200-500 bp size selection	fastq			ANT_NR_CAPC_202011_1J6.1.fq.gz	ANT_NR_CAPC_202011_1J6.2.fq.gz						
SRR16959274	SRP346404	new	PRJNA780921	SAMN23212299	ANT_NR_KAIK_201704_002	133	GBS of Durvillaea antarctica: adult attached frond	RAD-Seq	GENOMIC	Restriction Digest	paired	ILLUMINA	NextSeq 500	PstI single digest GBS with 75 bp paired reads, 200-600 bp size selection	fastq			ANT_NR_KAIK_201704_002.1.fq.gz	ANT_NR_KAIK_201704_002.2.fq.gz						
SRR16959273	SRP346404	new	PRJNA780921	SAMN23212300	ANT_NR_KAIP_202011_0A1	134	GBS of Durvillaea antarctica: adult attached frond	RAD-Seq	GENOMIC	Restriction Digest	paired	ILLUMINA	NextSeq 500	PstI single digest GBS with 75 bp paired reads, 200-500 bp size selection	fastq			ANT_NR_KAIP_202011_0A1.1.fq.gz	ANT_NR_KAIP_202011_0A1.2.fq.gz						
SRR16959272	SRP346404	new	PRJNA780921	SAMN23212301	ANT_NR_KAIP_202011_0A2	135	GBS of Durvillaea antarctica: adult attached frond	RAD-Seq	GENOMIC	Restriction Digest	paired	ILLUMINA	NextSeq 500	PstI single digest GBS with 75 bp paired reads, 200-500 bp size selection	fastq			ANT_NR_KAIP_202011_0A2.1.fq.gz	ANT_NR_KAIP_202011_0A2.2.fq.gz						
SRR16959271	SRP346404	new	PRJNA780921	SAMN23212302	ANT_NR_KAIP_202011_0A3	136	GBS of Durvillaea antarctica: adult attached frond	RAD-Seq	GENOMIC	Restriction Digest	paired	ILLUMINA	NextSeq 500	PstI single digest GBS with 75 bp paired reads, 200-500 bp size selection	fastq			ANT_NR_KAIP_202011_0A3.1.fq.gz	ANT_NR_KAIP_202011_0A3.2.fq.gz						
SRR16959270	SRP346404	new	PRJNA780921	SAMN23212303	ANT_NR_KAIP_202011_0A4	137	GBS of Durvillaea antarctica: adult attached frond	RAD-Seq	GENOMIC	Restriction Digest	paired	ILLUMINA	NextSeq 500	PstI single digest GBS with 75 bp paired reads, 200-500 bp size selection	fastq			ANT_NR_KAIP_202011_0A4.1.fq.gz	ANT_NR_KAIP_202011_0A4.2.fq.gz						
SRR16959269	SRP346404	new	PRJNA780921	SAMN23212304	ANT_NR_KAIP_202011_0A5	138	GBS of Durvillaea antarctica: adult attached frond	RAD-Seq	GENOMIC	Restriction Digest	paired	ILLUMINA	NextSeq 500	PstI single digest GBS with 75 bp paired reads, 200-500 bp size selection	fastq			ANT_NR_KAIP_202011_0A5.1.fq.gz	ANT_NR_KAIP_202011_0A5.2.fq.gz						
SRR16959268	SRP346404	new	PRJNA780921	SAMN23212305	ANT_NR_KAIP_202011_0A7	139	GBS of Durvillaea antarctica: adult attached frond	RAD-Seq	GENOMIC	Restriction Digest	paired	ILLUMINA	NextSeq 500	PstI single digest GBS with 75 bp paired reads, 200-500 bp size selection	fastq			ANT_NR_KAIP_202011_0A7.1.fq.gz	ANT_NR_KAIP_202011_0A7.2.fq.gz						
SRR16959267	SRP346404	new	PRJNA780921	SAMN23212306	ANT_NR_KAIP_202011_0A8	140	GBS of Durvillaea antarctica: adult attached frond	RAD-Seq	GENOMIC	Restriction Digest	paired	ILLUMINA	NextSeq 500	PstI single digest GBS with 75 bp paired reads, 200-500 bp size selection	fastq			ANT_NR_KAIP_202011_0A8.1.fq.gz	ANT_NR_KAIP_202011_0A8.2.fq.gz						
SRR16959265	SRP346404	new	PRJNA780921	SAMN23212307	ANT_NR_KAIP_202011_0A9	141	GBS of Durvillaea antarctica: adult attached frond	RAD-Seq	GENOMIC	Restriction Digest	paired	ILLUMINA	NextSeq 500	PstI single digest GBS with 75 bp paired reads, 200-500 bp size selection	fastq			ANT_NR_KAIP_202011_0A9.1.fq.gz	ANT_NR_KAIP_202011_0A9.2.fq.gz						
SRR16959264	SRP346404	new	PRJNA780921	SAMN23212308	ANT_NR_KAIP_202011_0J1	142	GBS of Durvillaea antarctica: juvenile attached frond	RAD-Seq	GENOMIC	Restriction Digest	paired	ILLUMINA	NextSeq 500	PstI single digest GBS with 75 bp paired reads, 200-500 bp size selection	fastq			ANT_NR_KAIP_202011_0J1.1.fq.gz	ANT_NR_KAIP_202011_0J1.2.fq.gz						
SRR16959263	SRP346404	new	PRJNA780921	SAMN23212309	ANT_NR_KAIP_202011_0J3	143	GBS of Durvillaea antarctica: juvenile attached frond	RAD-Seq	GENOMIC	Restriction Digest	paired	ILLUMINA	NextSeq 500	PstI single digest GBS with 75 bp paired reads, 200-500 bp size selection	fastq			ANT_NR_KAIP_202011_0J3.1.fq.gz	ANT_NR_KAIP_202011_0J3.2.fq.gz						
SRR16959262	SRP346404	new	PRJNA780921	SAMN23212310	ANT_NR_KAIP_202011_0J4	144	GBS of Durvillaea antarctica: juvenile attached frond	RAD-Seq	GENOMIC	Restriction Digest	paired	ILLUMINA	NextSeq 500	PstI single digest GBS with 75 bp paired reads, 200-500 bp size selection	fastq			ANT_NR_KAIP_202011_0J4.1.fq.gz	ANT_NR_KAIP_202011_0J4.2.fq.gz						
SRR16959261	SRP346404	new	PRJNA780921	SAMN23212311	ANT_NR_KAIP_202011_0J5	145	GBS of Durvillaea antarctica: juvenile attached frond	RAD-Seq	GENOMIC	Restriction Digest	paired	ILLUMINA	NextSeq 500	PstI single digest GBS with 75 bp paired reads, 200-500 bp size selection	fastq			ANT_NR_KAIP_202011_0J5.1.fq.gz	ANT_NR_KAIP_202011_0J5.2.fq.gz						
SRR16959260	SRP346404	new	PRJNA780921	SAMN23212312	ANT_NR_KAIP_202011_0J6	146	GBS of Durvillaea antarctica: juvenile attached frond	RAD-Seq	GENOMIC	Restriction Digest	paired	ILLUMINA	NextSeq 500	PstI single digest GBS with 75 bp paired reads, 200-500 bp size selection	fastq			ANT_NR_KAIP_202011_0J6.1.fq.gz	ANT_NR_KAIP_202011_0J6.2.fq.gz						
SRR16959259	SRP346404	new	PRJNA780921	SAMN23212313	ANT_NR_KAIP_202011_A11	147	GBS of Durvillaea antarctica: adult attached frond	RAD-Seq	GENOMIC	Restriction Digest	paired	ILLUMINA	NextSeq 500	PstI single digest GBS with 75 bp paired reads, 200-500 bp size selection	fastq			ANT_NR_KAIP_202011_A11.1.fq.gz	ANT_NR_KAIP_202011_A11.2.fq.gz						
SRR16959258	SRP346404	new	PRJNA780921	SAMN23212314	ANT_NR_KAIP_202011_A12	148	GBS of Durvillaea antarctica: adult attached frond	RAD-Seq	GENOMIC	Restriction Digest	paired	ILLUMINA	NextSeq 500	PstI single digest GBS with 75 bp paired reads, 200-500 bp size selection	fastq			ANT_NR_KAIP_202011_A12.1.fq.gz	ANT_NR_KAIP_202011_A12.2.fq.gz						
SRR16959257	SRP346404	new	PRJNA780921	SAMN23212315	ANT_NR_WAIB_202011_0A2	149	GBS of Durvillaea antarctica: adult attached frond	RAD-Seq	GENOMIC	Restriction Digest	paired	ILLUMINA	NextSeq 500	PstI single digest GBS with 75 bp paired reads, 200-500 bp size selection	fastq			ANT_NR_WAIB_202011_0A2.1.fq.gz	ANT_NR_WAIB_202011_0A2.2.fq.gz						
SRR16959256	SRP346404	new	PRJNA780921	SAMN23212316	ANT_NR_WAIB_202011_0A5	150	GBS of Durvillaea antarctica: adult attached frond	RAD-Seq	GENOMIC	Restriction Digest	paired	ILLUMINA	NextSeq 500	PstI single digest GBS with 75 bp paired reads, 200-500 bp size selection	fastq			ANT_NR_WAIB_202011_0A5.1.fq.gz	ANT_NR_WAIB_202011_0A5.2.fq.gz						
SRR16959254	SRP346404	new	PRJNA780921	SAMN23212317	ANT_NR_WAIB_202011_0A6	151	GBS of Durvillaea antarctica: adult attached frond	RAD-Seq	GENOMIC	Restriction Digest	paired	ILLUMINA	NextSeq 500	PstI single digest GBS with 75 bp paired reads, 200-500 bp size selection	fastq			ANT_NR_WAIB_202011_0A6.1.fq.gz	ANT_NR_WAIB_202011_0A6.2.fq.gz						
SRR16959253	SRP346404	new	PRJNA780921	SAMN23212318	ANT_NR_WAIB_202011_0J1	152	GBS of Durvillaea antarctica: juvenile attached frond	RAD-Seq	GENOMIC	Restriction Digest	paired	ILLUMINA	NextSeq 500	PstI single digest GBS with 75 bp paired reads, 200-500 bp size selection	fastq			ANT_NR_WAIB_202011_0J1.1.fq.gz	ANT_NR_WAIB_202011_0J1.2.fq.gz						
SRR16959252	SRP346404	new	PRJNA780921	SAMN23212319	ANT_NR_WAIB_202011_0J4	153	GBS of Durvillaea antarctica: juvenile attached frond	RAD-Seq	GENOMIC	Restriction Digest	paired	ILLUMINA	NextSeq 500	PstI single digest GBS with 75 bp paired reads, 200-500 bp size selection	fastq			ANT_NR_WAIB_202011_0J4.1.fq.gz	ANT_NR_WAIB_202011_0J4.2.fq.gz						
SRR16959251	SRP346404	new	PRJNA780921	SAMN23212320	ANT_NR_WAIB_202011_0J5	154	GBS of Durvillaea antarctica: juvenile attached frond	RAD-Seq	GENOMIC	Restriction Digest	paired	ILLUMINA	NextSeq 500	PstI single digest GBS with 75 bp paired reads, 200-500 bp size selection	fastq			ANT_NR_WAIB_202011_0J5.1.fq.gz	ANT_NR_WAIB_202011_0J5.2.fq.gz						
SRR16959250	SRP346404	new	PRJNA780921	SAMN23212321	ANT_NR_WAIN_202011_201	155	GBS of Durvillaea antarctica: adult attached frond	RAD-Seq	GENOMIC	Restriction Digest	paired	ILLUMINA	NextSeq 500	PstI single digest GBS with 75 bp paired reads, 200-500 bp size selection	fastq			ANT_NR_WAIN_202011_201.1.fq.gz	ANT_NR_WAIN_202011_201.2.fq.gz						
SRR16959249	SRP346404	new	PRJNA780921	SAMN23212322	ANT_NR_WAIN_202011_202	156	GBS of Durvillaea antarctica: adult attached frond	RAD-Seq	GENOMIC	Restriction Digest	paired	ILLUMINA	NextSeq 500	PstI single digest GBS with 75 bp paired reads, 200-500 bp size selection	fastq			ANT_NR_WAIN_202011_202.1.fq.gz	ANT_NR_WAIN_202011_202.2.fq.gz						
SRR16959248	SRP346404	new	PRJNA780921	SAMN23212323	ANT_NR_WAIN_202011_203	157	GBS of Durvillaea antarctica: adult attached frond	RAD-Seq	GENOMIC	Restriction Digest	paired	ILLUMINA	NextSeq 500	PstI single digest GBS with 75 bp paired reads, 200-500 bp size selection	fastq			ANT_NR_WAIN_202011_203.1.fq.gz	ANT_NR_WAIN_202011_203.2.fq.gz						
SRR16959247	SRP346404	new	PRJNA780921	SAMN23212324	ANT_NR_WAIP_201809_001	158	GBS of Durvillaea antarctica: adult attached frond	RAD-Seq	GENOMIC	Restriction Digest	paired	ILLUMINA	NextSeq 500	PstI single digest GBS with 75 bp paired reads, 200-600 bp size selection	fastq			ANT_NR_WAIP_201809_001.1.fq.gz	ANT_NR_WAIP_201809_001.2.fq.gz						
SRR16959246	SRP346404	new	PRJNA780921	SAMN23212325	ANT_NR_WAIP_201809_002	159	GBS of Durvillaea antarctica: adult attached frond	RAD-Seq	GENOMIC	Restriction Digest	paired	ILLUMINA	NextSeq 500	PstI single digest GBS with 75 bp paired reads, 200-600 bp size selection	fastq			ANT_NR_WAIP_201809_002.1.fq.gz	ANT_NR_WAIP_201809_002.2.fq.gz						
SRR16959245	SRP346404	new	PRJNA780921	SAMN23212326	ANT_NR_WAIP_201809_003	160	GBS of Durvillaea antarctica: adult attached frond	RAD-Seq	GENOMIC	Restriction Digest	paired	ILLUMINA	NextSeq 500	PstI single digest GBS with 75 bp paired reads, 200-600 bp size selection	fastq			ANT_NR_WAIP_201809_003.1.fq.gz	ANT_NR_WAIP_201809_003.2.fq.gz						
SRR16959243	SRP346404	new	PRJNA780921	SAMN23212327	ANT_NR_WAIP_201809_004	161	GBS of Durvillaea antarctica: adult attached frond	RAD-Seq	GENOMIC	Restriction Digest	paired	ILLUMINA	NextSeq 500	PstI single digest GBS with 75 bp paired reads, 200-600 bp size selection	fastq			ANT_NR_WAIP_201809_004.1.fq.gz	ANT_NR_WAIP_201809_004.2.fq.gz						
SRR16959242	SRP346404	new	PRJNA780921	SAMN23212328	ANT_NR_WAIP_201809_006	162	GBS of Durvillaea antarctica: adult attached frond	RAD-Seq	GENOMIC	Restriction Digest	paired	ILLUMINA	NextSeq 500	PstI single digest GBS with 75 bp paired reads, 200-600 bp size selection	fastq			ANT_NR_WAIP_201809_006.1.fq.gz	ANT_NR_WAIP_201809_006.2.fq.gz						
SRR16959241	SRP346404	new	PRJNA780921	SAMN23212329	ANT_NR_WAIP_201809_007	163	GBS of Durvillaea antarctica: adult attached frond	RAD-Seq	GENOMIC	Restriction Digest	paired	ILLUMINA	NextSeq 500	PstI single digest GBS with 75 bp paired reads, 200-600 bp size selection	fastq			ANT_NR_WAIP_201809_007.1.fq.gz	ANT_NR_WAIP_201809_007.2.fq.gz						
SRR16959240	SRP346404	new	PRJNA780921	SAMN23212330	ANT_NR_WAIP_201809_008	164	GBS of Durvillaea antarctica: adult attached frond	RAD-Seq	GENOMIC	Restriction Digest	paired	ILLUMINA	NextSeq 500	PstI single digest GBS with 75 bp paired reads, 200-600 bp size selection	fastq			ANT_NR_WAIP_201809_008.1.fq.gz	ANT_NR_WAIP_201809_008.2.fq.gz						
SRR16959239	SRP346404	new	PRJNA780921	SAMN23212331	ANT_NR_WAIP_201809_K01	165	GBS of Durvillaea antarctica: adult attached frond	RAD-Seq	GENOMIC	Restriction Digest	paired	ILLUMINA	NextSeq 500	PstI single digest GBS with 75 bp paired reads, 250-450 bp size selection	fastq			ANT_NR_WAIP_201809_K01.1.fq.gz	ANT_NR_WAIP_201809_K01.2.fq.gz						
SRR16959238	SRP346404	new	PRJNA780921	SAMN23212332	ANT_NR_WAIP_201809_K02	166	GBS of Durvillaea antarctica: adult attached frond	RAD-Seq	GENOMIC	Restriction Digest	paired	ILLUMINA	NextSeq 500	PstI single digest GBS with 75 bp paired reads, 250-450 bp size selection	fastq			ANT_NR_WAIP_201809_K02.1.fq.gz	ANT_NR_WAIP_201809_K02.2.fq.gz						
SRR16959237	SRP346404	new	PRJNA780921	SAMN23212333	ANT_NR_WAIP_201809_K03	167	GBS of Durvillaea antarctica: adult attached frond	RAD-Seq	GENOMIC	Restriction Digest	paired	ILLUMINA	NextSeq 500	PstI single digest GBS with 75 bp paired reads, 250-450 bp size selection	fastq			ANT_NR_WAIP_201809_K03.1.fq.gz	ANT_NR_WAIP_201809_K03.2.fq.gz						
SRR16959236	SRP346404	new	PRJNA780921	SAMN23212334	ANT_NR_WAIP_201809_K05	168	GBS of Durvillaea antarctica: adult attached frond	RAD-Seq	GENOMIC	Restriction Digest	paired	ILLUMINA	NextSeq 500	PstI single digest GBS with 75 bp paired reads, 250-450 bp size selection	fastq			ANT_NR_WAIP_201809_K05.1.fq.gz	ANT_NR_WAIP_201809_K05.2.fq.gz						
SRR16959235	SRP346404	new	PRJNA780921	SAMN23212335	ANT_NR_WAIP_201809_K06	169	GBS of Durvillaea antarctica: adult attached frond	RAD-Seq	GENOMIC	Restriction Digest	paired	ILLUMINA	NextSeq 500	PstI single digest GBS with 75 bp paired reads, 250-450 bp size selection	fastq			ANT_NR_WAIP_201809_K06.1.fq.gz	ANT_NR_WAIP_201809_K06.2.fq.gz						
SRR16959234	SRP346404	new	PRJNA780921	SAMN23212336	ANT_NR_WAIP_201809_K07	170	GBS of Durvillaea antarctica: adult attached frond	RAD-Seq	GENOMIC	Restriction Digest	paired	ILLUMINA	NextSeq 500	PstI single digest GBS with 75 bp paired reads, 250-450 bp size selection	fastq			ANT_NR_WAIP_201809_K07.1.fq.gz	ANT_NR_WAIP_201809_K07.2.fq.gz						
SRR16959232	SRP346404	new	PRJNA780921	SAMN23212337	ANT_NR_WAIP_201809_K08	171	GBS of Durvillaea antarctica: adult attached frond	RAD-Seq	GENOMIC	Restriction Digest	paired	ILLUMINA	NextSeq 500	PstI single digest GBS with 75 bp paired reads, 250-450 bp size selection	fastq			ANT_NR_WAIP_201809_K08.1.fq.gz	ANT_NR_WAIP_201809_K08.2.fq.gz						
SRR16959231	SRP346404	new	PRJNA780921	SAMN23212338	ANT_NR_WAIS_202011_0A1	172	GBS of Durvillaea antarctica: adult attached frond	RAD-Seq	GENOMIC	Restriction Digest	paired	ILLUMINA	NextSeq 500	PstI single digest GBS with 75 bp paired reads, 200-500 bp size selection	fastq			ANT_NR_WAIS_202011_0A1.1.fq.gz	ANT_NR_WAIS_202011_0A1.2.fq.gz						
SRR16959230	SRP346404	new	PRJNA780921	SAMN23212339	ANT_NR_WAIS_202011_0A2	173	GBS of Durvillaea antarctica: adult attached frond	RAD-Seq	GENOMIC	Restriction Digest	paired	ILLUMINA	NextSeq 500	PstI single digest GBS with 75 bp paired reads, 200-500 bp size selection	fastq			ANT_NR_WAIS_202011_0A2.1.fq.gz	ANT_NR_WAIS_202011_0A2.2.fq.gz						
SRR16959229	SRP346404	new	PRJNA780921	SAMN23212340	ANT_NR_WAIS_202011_0A3	174	GBS of Durvillaea antarctica: adult attached frond	RAD-Seq	GENOMIC	Restriction Digest	paired	ILLUMINA	NextSeq 500	PstI single digest GBS with 75 bp paired reads, 200-500 bp size selection	fastq			ANT_NR_WAIS_202011_0A3.1.fq.gz	ANT_NR_WAIS_202011_0A3.2.fq.gz						
SRR16959228	SRP346404	new	PRJNA780921	SAMN23212341	ANT_NR_WAIS_202011_0J1	175	GBS of Durvillaea antarctica: juvenile attached frond	RAD-Seq	GENOMIC	Restriction Digest	paired	ILLUMINA	NextSeq 500	PstI single digest GBS with 75 bp paired reads, 200-500 bp size selection	fastq			ANT_NR_WAIS_202011_0J1.1.fq.gz	ANT_NR_WAIS_202011_0J1.2.fq.gz						
SRR16959227	SRP346404	new	PRJNA780921	SAMN23212342	ANT_NR_WAIS_202011_0J2	176	GBS of Durvillaea antarctica: juvenile attached frond	RAD-Seq	GENOMIC	Restriction Digest	paired	ILLUMINA	NextSeq 500	PstI single digest GBS with 75 bp paired reads, 200-500 bp size selection	fastq			ANT_NR_WAIS_202011_0J2.1.fq.gz	ANT_NR_WAIS_202011_0J2.2.fq.gz						
SRR16959226	SRP346404	new	PRJNA780921	SAMN23212343	ANT_NR_WAIS_202011_0J3	177	GBS of Durvillaea antarctica: juvenile attached frond	RAD-Seq	GENOMIC	Restriction Digest	paired	ILLUMINA	NextSeq 500	PstI single digest GBS with 75 bp paired reads, 200-500 bp size selection	fastq			ANT_NR_WAIS_202011_0J3.1.fq.gz	ANT_NR_WAIS_202011_0J3.2.fq.gz						
SRR16959225	SRP346404	new	PRJNA780921	SAMN23212344	ANT_NR_WARD_201800_001	178	GBS of Durvillaea antarctica: adult attached frond	RAD-Seq	GENOMIC	Restriction Digest	paired	ILLUMINA	NextSeq 500	PstI single digest GBS with 75 bp paired reads, 250-450 bp size selection	fastq			ANT_NR_WARD_201800_001.1.fq.gz	ANT_NR_WARD_201800_001.2.fq.gz						
SRR16959224	SRP346404	new	PRJNA780921	SAMN23212345	ANT_NR_WARD_201800_002	179	GBS of Durvillaea antarctica: adult attached frond	RAD-Seq	GENOMIC	Restriction Digest	paired	ILLUMINA	NextSeq 500	PstI single digest GBS with 75 bp paired reads, 250-450 bp size selection	fastq			ANT_NR_WARD_201800_002.1.fq.gz	ANT_NR_WARD_201800_002.2.fq.gz						
SRR16959223	SRP346404	new	PRJNA780921	SAMN23212346	ANT_NR_WARD_201800_003	180	GBS of Durvillaea antarctica: adult attached frond	RAD-Seq	GENOMIC	Restriction Digest	paired	ILLUMINA	NextSeq 500	PstI single digest GBS with 75 bp paired reads, 250-450 bp size selection	fastq			ANT_NR_WARD_201800_003.1.fq.gz	ANT_NR_WARD_201800_003.2.fq.gz						
SRR16959221	SRP346404	new	PRJNA780921	SAMN23212347	ANT_NR_WARD_201800_004	181	GBS of Durvillaea antarctica: adult attached frond	RAD-Seq	GENOMIC	Restriction Digest	paired	ILLUMINA	NextSeq 500	PstI single digest GBS with 75 bp paired reads, 250-450 bp size selection	fastq			ANT_NR_WARD_201800_004.1.fq.gz	ANT_NR_WARD_201800_004.2.fq.gz						
SRR16959220	SRP346404	new	PRJNA780921	SAMN23212348	ANT_NR_WARD_201800_005	182	GBS of Durvillaea antarctica: adult attached frond	RAD-Seq	GENOMIC	Restriction Digest	paired	ILLUMINA	NextSeq 500	PstI single digest GBS with 75 bp paired reads, 250-450 bp size selection	fastq			ANT_NR_WARD_201800_005.1.fq.gz	ANT_NR_WARD_201800_005.2.fq.gz						
SRR16959219	SRP346404	new	PRJNA780921	SAMN23212349	ANT_NR_WARD_201800_P01	183	GBS of Durvillaea antarctica: adult attached frond	RAD-Seq	GENOMIC	Restriction Digest	paired	ILLUMINA	NextSeq 500	PstI single digest GBS with 75 bp paired reads, 250-450 bp size selection	fastq			ANT_NR_WARD_201800_P01.1.fq.gz	ANT_NR_WARD_201800_P01.2.fq.gz						
SRR16959218	SRP346404	new	PRJNA780921	SAMN23212350	ANT_NR_WARD_201800_P02	184	GBS of Durvillaea antarctica: adult attached frond	RAD-Seq	GENOMIC	Restriction Digest	paired	ILLUMINA	NextSeq 500	PstI single digest GBS with 75 bp paired reads, 250-450 bp size selection	fastq			ANT_NR_WARD_201800_P02.1.fq.gz	ANT_NR_WARD_201800_P02.2.fq.gz						
SRR16959217	SRP346404	new	PRJNA780921	SAMN23212351	ANT_NR_WARD_201800_P03	185	GBS of Durvillaea antarctica: adult attached frond	RAD-Seq	GENOMIC	Restriction Digest	paired	ILLUMINA	NextSeq 500	PstI single digest GBS with 75 bp paired reads, 250-450 bp size selection	fastq			ANT_NR_WARD_201800_P03.1.fq.gz	ANT_NR_WARD_201800_P03.2.fq.gz						
SRR16959216	SRP346404	new	PRJNA780921	SAMN23212352	ANT_NR_WARD_201800_P04	186	GBS of Durvillaea antarctica: adult attached frond	RAD-Seq	GENOMIC	Restriction Digest	paired	ILLUMINA	NextSeq 500	PstI single digest GBS with 75 bp paired reads, 250-450 bp size selection	fastq			ANT_NR_WARD_201800_P04.1.fq.gz	ANT_NR_WARD_201800_P04.2.fq.gz						
SRR16959215	SRP346404	new	PRJNA780921	SAMN23212353	ANT_NR_WARD_201800_P05	187	GBS of Durvillaea antarctica: adult attached frond	RAD-Seq	GENOMIC	Restriction Digest	paired	ILLUMINA	NextSeq 500	PstI single digest GBS with 75 bp paired reads, 250-450 bp size selection	fastq			ANT_NR_WARD_201800_P05.1.fq.gz	ANT_NR_WARD_201800_P05.2.fq.gz						
SRR16959214	SRP346404	new	PRJNA780921	SAMN23212354	ANT_NR_WARD_201909_001	188	GBS of Durvillaea antarctica: adult attached frond	RAD-Seq	GENOMIC	Restriction Digest	paired	ILLUMINA	NextSeq 500	PstI single digest GBS with 75 bp paired reads, 200-600 bp size selection	fastq			ANT_NR_WARD_201909_001.1.fq.gz	ANT_NR_WARD_201909_001.2.fq.gz						
SRR16959213	SRP346404	new	PRJNA780921	SAMN23212355	ANT_NR_WARD_201909_003	189	GBS of Durvillaea antarctica: adult attached frond	RAD-Seq	GENOMIC	Restriction Digest	paired	ILLUMINA	NextSeq 500	PstI single digest GBS with 75 bp paired reads, 200-600 bp size selection	fastq			ANT_NR_WARD_201909_003.1.fq.gz	ANT_NR_WARD_201909_003.2.fq.gz						
SRR16959212	SRP346404	new	PRJNA780921	SAMN23212356	ANT_NR_WARD_201909_004	190	GBS of Durvillaea antarctica: adult attached frond	RAD-Seq	GENOMIC	Restriction Digest	paired	ILLUMINA	NextSeq 500	PstI single digest GBS with 75 bp paired reads, 200-600 bp size selection	fastq			ANT_NR_WARD_201909_004.1.fq.gz	ANT_NR_WARD_201909_004.2.fq.gz						
SRR16959210	SRP346404	new	PRJNA780921	SAMN23212357	ANT_NR_WARD_202011_0A7	191	GBS of Durvillaea antarctica: adult attached frond	RAD-Seq	GENOMIC	Restriction Digest	paired	ILLUMINA	NextSeq 500	PstI single digest GBS with 75 bp paired reads, 200-500 bp size selection	fastq			ANT_NR_WARD_202011_0A7.1.fq.gz	ANT_NR_WARD_202011_0A7.2.fq.gz						
SRR16959209	SRP346404	new	PRJNA780921	SAMN23212358	ANT_NR_WARD_202011_0A8	192	GBS of Durvillaea antarctica: adult attached frond	RAD-Seq	GENOMIC	Restriction Digest	paired	ILLUMINA	NextSeq 500	PstI single digest GBS with 75 bp paired reads, 200-500 bp size selection	fastq			ANT_NR_WARD_202011_0A8.1.fq.gz	ANT_NR_WARD_202011_0A8.2.fq.gz						
SRR16959208	SRP346404	new	PRJNA780921	SAMN23212359	ANT_NR_WARD_202011_0J1	193	GBS of Durvillaea antarctica: juvenile attached frond	RAD-Seq	GENOMIC	Restriction Digest	paired	ILLUMINA	NextSeq 500	PstI single digest GBS with 75 bp paired reads, 200-500 bp size selection	fastq			ANT_NR_WARD_202011_0J1.1.fq.gz	ANT_NR_WARD_202011_0J1.2.fq.gz						
SRR16959207	SRP346404	new	PRJNA780921	SAMN23212360	ANT_NR_WARD_202011_0J2	194	GBS of Durvillaea antarctica: juvenile attached frond	RAD-Seq	GENOMIC	Restriction Digest	paired	ILLUMINA	NextSeq 500	PstI single digest GBS with 75 bp paired reads, 200-500 bp size selection	fastq			ANT_NR_WARD_202011_0J2.1.fq.gz	ANT_NR_WARD_202011_0J2.2.fq.gz						
SRR16959206	SRP346404	new	PRJNA780921	SAMN23212361	ANT_NR_WARD_202011_0J3	195	GBS of Durvillaea antarctica: juvenile attached frond	RAD-Seq	GENOMIC	Restriction Digest	paired	ILLUMINA	NextSeq 500	PstI single digest GBS with 75 bp paired reads, 200-500 bp size selection	fastq			ANT_NR_WARD_202011_0J3.1.fq.gz	ANT_NR_WARD_202011_0J3.2.fq.gz						
SRR16959205	SRP346404	new	PRJNA780921	SAMN23212362	ANT_NR_WARN_201900_005	196	GBS of Durvillaea antarctica: adult attached frond	RAD-Seq	GENOMIC	Restriction Digest	paired	ILLUMINA	NextSeq 500	PstI single digest GBS with 75 bp paired reads, 200-600 bp size selection	fastq			ANT_NR_WARN_201900_005.1.fq.gz	ANT_NR_WARN_201900_005.2.fq.gz						
SRR16959204	SRP346404	new	PRJNA780921	SAMN23212363	ANT_NR_WARN_201900_006	197	GBS of Durvillaea antarctica: adult attached frond	RAD-Seq	GENOMIC	Restriction Digest	paired	ILLUMINA	NextSeq 500	PstI single digest GBS with 75 bp paired reads, 200-600 bp size selection	fastq			ANT_NR_WARN_201900_006.1.fq.gz	ANT_NR_WARN_201900_006.2.fq.gz						
SRR16959203	SRP346404	new	PRJNA780921	SAMN23212364	ANT_NR_WARN_201900_007	198	GBS of Durvillaea antarctica: adult attached frond	RAD-Seq	GENOMIC	Restriction Digest	paired	ILLUMINA	NextSeq 500	PstI single digest GBS with 75 bp paired reads, 200-600 bp size selection	fastq			ANT_NR_WARN_201900_007.1.fq.gz	ANT_NR_WARN_201900_007.2.fq.gz						
SRR16959202	SRP346404	new	PRJNA780921	SAMN23212365	ANT_NR_WHAR_201800_001	199	GBS of Durvillaea antarctica: adult attached frond	RAD-Seq	GENOMIC	Restriction Digest	paired	ILLUMINA	NextSeq 500	PstI single digest GBS with 75 bp paired reads, 250-450 bp size selection	fastq			ANT_NR_WHAR_201800_001.1.fq.gz	ANT_NR_WHAR_201800_001.2.fq.gz						
SRR16959201	SRP346404	new	PRJNA780921	SAMN23212366	ANT_NR_WHAR_201800_002	200	GBS of Durvillaea antarctica: adult attached frond	RAD-Seq	GENOMIC	Restriction Digest	paired	ILLUMINA	NextSeq 500	PstI single digest GBS with 75 bp paired reads, 250-450 bp size selection	fastq			ANT_NR_WHAR_201800_002.1.fq.gz	ANT_NR_WHAR_201800_002.2.fq.gz						
SRR16959198	SRP346404	new	PRJNA780921	SAMN23212367	ANT_NR_WHAR_201800_003	201	GBS of Durvillaea antarctica: adult attached frond	RAD-Seq	GENOMIC	Restriction Digest	paired	ILLUMINA	NextSeq 500	PstI single digest GBS with 75 bp paired reads, 250-450 bp size selection	fastq			ANT_NR_WHAR_201800_003.1.fq.gz	ANT_NR_WHAR_201800_003.2.fq.gz						
SRR16959197	SRP346404	new	PRJNA780921	SAMN23212368	ANT_NR_WHAR_201800_004	202	GBS of Durvillaea antarctica: adult attached frond	RAD-Seq	GENOMIC	Restriction Digest	paired	ILLUMINA	NextSeq 500	PstI single digest GBS with 75 bp paired reads, 250-450 bp size selection	fastq			ANT_NR_WHAR_201800_004.1.fq.gz	ANT_NR_WHAR_201800_004.2.fq.gz						
SRR16959196	SRP346404	new	PRJNA780921	SAMN23212369	ANT_NR_WHAR_201800_005	203	GBS of Durvillaea antarctica: adult attached frond	RAD-Seq	GENOMIC	Restriction Digest	paired	ILLUMINA	NextSeq 500	PstI single digest GBS with 75 bp paired reads, 250-450 bp size selection	fastq			ANT_NR_WHAR_201800_005.1.fq.gz	ANT_NR_WHAR_201800_005.2.fq.gz						
SRR16959195	SRP346404	new	PRJNA780921	SAMN23212370	ANT_NR_WHAR_201800_P01	204	GBS of Durvillaea antarctica: adult attached frond	RAD-Seq	GENOMIC	Restriction Digest	paired	ILLUMINA	NextSeq 500	PstI single digest GBS with 75 bp paired reads, 250-450 bp size selection	fastq			ANT_NR_WHAR_201800_P01.1.fq.gz	ANT_NR_WHAR_201800_P01.2.fq.gz						
SRR16959194	SRP346404	new	PRJNA780921	SAMN23212371	ANT_NR_WHAR_201800_P02	205	GBS of Durvillaea antarctica: adult attached frond	RAD-Seq	GENOMIC	Restriction Digest	paired	ILLUMINA	NextSeq 500	PstI single digest GBS with 75 bp paired reads, 250-450 bp size selection	fastq			ANT_NR_WHAR_201800_P02.1.fq.gz	ANT_NR_WHAR_201800_P02.2.fq.gz						
SRR16959193	SRP346404	new	PRJNA780921	SAMN23212372	ANT_NR_WHAR_201800_P03	206	GBS of Durvillaea antarctica: adult attached frond	RAD-Seq	GENOMIC	Restriction Digest	paired	ILLUMINA	NextSeq 500	PstI single digest GBS with 75 bp paired reads, 250-450 bp size selection	fastq			ANT_NR_WHAR_201800_P03.1.fq.gz	ANT_NR_WHAR_201800_P03.2.fq.gz						
SRR16959192	SRP346404	new	PRJNA780921	SAMN23212373	ANT_NR_WHAR_201800_P04	207	GBS of Durvillaea antarctica: adult attached frond	RAD-Seq	GENOMIC	Restriction Digest	paired	ILLUMINA	NextSeq 500	PstI single digest GBS with 75 bp paired reads, 250-450 bp size selection	fastq			ANT_NR_WHAR_201800_P04.1.fq.gz	ANT_NR_WHAR_201800_P04.2.fq.gz						
SRR16959191	SRP346404	new	PRJNA780921	SAMN23212374	ANT_NR_WHAR_201800_P05	208	GBS of Durvillaea antarctica: adult attached frond	RAD-Seq	GENOMIC	Restriction Digest	paired	ILLUMINA	NextSeq 500	PstI single digest GBS with 75 bp paired reads, 250-450 bp size selection	fastq			ANT_NR_WHAR_201800_P05.1.fq.gz	ANT_NR_WHAR_201800_P05.2.fq.gz						
SRR16959190	SRP346404	new	PRJNA780921	SAMN23212375	ANT_NR_WHAR_201900_001	209	GBS of Durvillaea antarctica: adult attached frond	RAD-Seq	GENOMIC	Restriction Digest	paired	ILLUMINA	NextSeq 500	PstI single digest GBS with 75 bp paired reads, 200-600 bp size selection	fastq			ANT_NR_WHAR_201900_001.1.fq.gz	ANT_NR_WHAR_201900_001.2.fq.gz						
SRR16959189	SRP346404	new	PRJNA780921	SAMN23212376	ANT_NR_WHAR_201900_003	210	GBS of Durvillaea antarctica: adult attached frond	RAD-Seq	GENOMIC	Restriction Digest	paired	ILLUMINA	NextSeq 500	PstI single digest GBS with 75 bp paired reads, 200-600 bp size selection	fastq			ANT_NR_WHAR_201900_003.1.fq.gz	ANT_NR_WHAR_201900_003.2.fq.gz						
SRR16959187	SRP346404	new	PRJNA780921	SAMN23212377	ANT_NR_WHAR_201900_005	211	GBS of Durvillaea antarctica: adult attached frond	RAD-Seq	GENOMIC	Restriction Digest	paired	ILLUMINA	NextSeq 500	PstI single digest GBS with 75 bp paired reads, 200-600 bp size selection	fastq			ANT_NR_WHAR_201900_005.1.fq.gz	ANT_NR_WHAR_201900_005.2.fq.gz						
SRR16959186	SRP346404	new	PRJNA780921	SAMN23212378	ANT_NR_WHRN_202011_201	212	GBS of Durvillaea antarctica: adult attached frond	RAD-Seq	GENOMIC	Restriction Digest	paired	ILLUMINA	NextSeq 500	PstI single digest GBS with 75 bp paired reads, 200-500 bp size selection	fastq			ANT_NR_WHRN_202011_201.1.fq.gz	ANT_NR_WHRN_202011_201.2.fq.gz						
SRR16959185	SRP346404	new	PRJNA780921	SAMN23212379	ANT_NR_WHRN_202011_202	213	GBS of Durvillaea antarctica: adult attached frond	RAD-Seq	GENOMIC	Restriction Digest	paired	ILLUMINA	NextSeq 500	PstI single digest GBS with 75 bp paired reads, 200-500 bp size selection	fastq			ANT_NR_WHRN_202011_202.1.fq.gz	ANT_NR_WHRN_202011_202.2.fq.gz						
SRR16959184	SRP346404	new	PRJNA780921	SAMN23212380	ANT_NR_WHRN_202011_203	214	GBS of Durvillaea antarctica: adult attached frond	RAD-Seq	GENOMIC	Restriction Digest	paired	ILLUMINA	NextSeq 500	PstI single digest GBS with 75 bp paired reads, 200-500 bp size selection	fastq			ANT_NR_WHRN_202011_203.1.fq.gz	ANT_NR_WHRN_202011_203.2.fq.gz						
SRR16959183	SRP346404	new	PRJNA780921	SAMN23212381	ANT_NR_WHRN_202011_204	215	GBS of Durvillaea antarctica: adult attached frond	RAD-Seq	GENOMIC	Restriction Digest	paired	ILLUMINA	NextSeq 500	PstI single digest GBS with 75 bp paired reads, 200-500 bp size selection	fastq			ANT_NR_WHRN_202011_204.1.fq.gz	ANT_NR_WHRN_202011_204.2.fq.gz						
SRR16959182	SRP346404	new	PRJNA780921	SAMN23212382	ANT_NR_WHRN_202011_205	216	GBS of Durvillaea antarctica: adult attached frond	RAD-Seq	GENOMIC	Restriction Digest	paired	ILLUMINA	NextSeq 500	PstI single digest GBS with 75 bp paired reads, 200-500 bp size selection	fastq			ANT_NR_WHRN_202011_205.1.fq.gz	ANT_NR_WHRN_202011_205.2.fq.gz						
